-- MySQL dump 10.13  Distrib 5.5.37, for debian-linux-gnu (x86_64)
--
-- Host: localhost    Database: inventory
-- ------------------------------------------------------
-- Server version	5.5.37-0ubuntu0.13.10.1-log

/*!40101 SET @OLD_CHARACTER_SET_CLIENT=@@CHARACTER_SET_CLIENT */;
/*!40101 SET @OLD_CHARACTER_SET_RESULTS=@@CHARACTER_SET_RESULTS */;
/*!40101 SET @OLD_COLLATION_CONNECTION=@@COLLATION_CONNECTION */;
/*!40101 SET NAMES utf8 */;
/*!40103 SET @OLD_TIME_ZONE=@@TIME_ZONE */;
/*!40103 SET TIME_ZONE='+00:00' */;
/*!40014 SET @OLD_UNIQUE_CHECKS=@@UNIQUE_CHECKS, UNIQUE_CHECKS=0 */;
/*!40014 SET @OLD_FOREIGN_KEY_CHECKS=@@FOREIGN_KEY_CHECKS, FOREIGN_KEY_CHECKS=0 */;
/*!40101 SET @OLD_SQL_MODE=@@SQL_MODE, SQL_MODE='NO_AUTO_VALUE_ON_ZERO' */;
/*!40111 SET @OLD_SQL_NOTES=@@SQL_NOTES, SQL_NOTES=0 */;

--
-- Table structure for table `activity`
--

DROP TABLE IF EXISTS `activity`;
/*!40101 SET @saved_cs_client     = @@character_set_client */;
/*!40101 SET character_set_client = utf8 */;
CREATE TABLE `activity` (
  `inventory_user` varchar(40) NOT NULL,
  `timestamp` varchar(30) NOT NULL,
  `type` varchar(45) NOT NULL,
  `record_id` varchar(45) NOT NULL,
  PRIMARY KEY (`inventory_user`,`timestamp`)
) ENGINE=InnoDB DEFAULT CHARSET=latin1;
/*!40101 SET character_set_client = @saved_cs_client */;

--
-- Dumping data for table `activity`
--

LOCK TABLES `activity` WRITE;
/*!40000 ALTER TABLE `activity` DISABLE KEYS */;
INSERT INTO `activity` VALUES ('admin','06/16/2014 - 05:12:56 pm','INSERT - purchase','N/A - '),('admin','06/16/2014 - 05:24:07 pm','INSERT - purchase','N/A - '),('admin','06/16/2014 - 05:24:25 pm','INSERT - purchase','N/A - '),('admin','06/16/2014 - 05:24:40 pm','INSERT - purchase','N/A - '),('admin','06/16/2014 - 05:26:07 pm','INSERT - purchase','N/A - '),('admin','06/16/2014 - 05:26:33 pm','DELETE - equipment','99999'),('admin','06/16/2014 - 05:32:09 pm','INSERT - purchase','N/A - '),('admin','06/16/2014 - 05:40:26 pm','INSERT - purchase','N/A - '),('admin','06/16/2014 - 06:03:13 pm','INSERT - purchase','N/A - '),('admin','06/16/2014 - 06:07:46 pm','UPDATE - equipment','62033'),('admin','06/16/2014 - 06:08:13 pm','UPDATE - equipment','62033'),('admin','06/16/2014 - 06:09:21 pm','UPDATE - equipment','62033'),('admin','06/16/2014 - 06:09:27 pm','UPDATE - equipment','54615'),('admin','06/16/2014 - 06:09:46 pm','UPDATE - equipment','54612'),('admin','06/16/2014 - 06:12:06 pm','UPDATE - equipment','62033'),('admin','06/16/2014 - 06:12:46 pm','INSERT - purchase','N/A - 2008-01-01'),('admin','06/16/2014 - 06:12:55 pm','UPDATE - equipment','54615'),('admin','06/17/2014 - 02:06:08 pm','INSERT - purchase','N/A - '),('admin','06/17/2014 - 02:06:09 pm','UPDATE - equipment','62033'),('admin','06/17/2014 - 02:07:31 pm','INSERT - purchase','N/A - 2012-06-09'),('admin','06/17/2014 - 02:09:01 pm','INSERT - purchase','N/A - '),('admin','06/17/2014 - 02:12:37 pm','INSERT - purchase','N/A - 2012-06-09'),('admin','06/17/2014 - 02:15:01 pm','INSERT - purchase','N/A - '),('admin','06/17/2014 - 02:15:02 pm','UPDATE - equipment','62033'),('admin','06/17/2014 - 02:23:15 pm','INSERT - purchase','N/A - 2012-06-09'),('admin','06/17/2014 - 02:23:31 pm','INSERT - purchase','N/A - '),('admin','06/17/2014 - 03:19:19 pm','INSERT - purchase','N/A - 2012-06-09'),('admin','06/17/2014 - 03:19:28 pm','INSERT - purchase','N/A - '),('admin','06/17/2014 - 03:19:29 pm','UPDATE - equipment','62033'),('admin','06/17/2014 - 03:24:57 pm','INSERT - purchase','N/A - 2012-06-09'),('admin','06/17/2014 - 03:25:06 pm','INSERT - purchase','N/A - '),('admin','06/17/2014 - 03:29:18 pm','INSERT - purchase','N/A - 2012-06-09'),('admin','06/17/2014 - 03:34:28 pm','INSERT - purchase','N/A - '),('admin','06/17/2014 - 03:46:33 pm','INSERT - purchase','N/A - 2012-06-09'),('admin','06/17/2014 - 03:46:57 pm','INSERT - purchase','N/A - '),('admin','06/17/2014 - 03:59:20 pm','INSERT - purchase','N/A - 2012-06-09'),('admin','06/17/2014 - 03:59:21 pm','UPDATE - equipment','62033'),('admin','06/17/2014 - 04:00:23 pm','INSERT - purchase','N/A - '),('admin','06/17/2014 - 04:00:51 pm','INSERT - purchase','N/A - 2012-06-09'),('admin','06/17/2014 - 04:02:42 pm','UPDATE - equipment','62033'),('admin','06/17/2014 - 04:03:01 pm','UPDATE - equipment','62033'),('admin','06/17/2014 - 04:16:31 pm','INSERT - purchase','test - 2014-06-06'),('admin','06/17/2014 - 04:16:46 pm','UPDATE - equipment','62033'),('admin','06/17/2014 - 04:18:18 pm','UPDATE - equipment','54615'),('admin','06/17/2014 - 04:23:02 pm','UPDATE - equipment','54615'),('admin','06/17/2014 - 04:26:53 pm','INSERT - purchase','N/A - 2012-06-09'),('admin','06/17/2014 - 04:27:23 pm','INSERT - purchase','N/A - 2014-05-22'),('admin','06/17/2014 - 04:27:24 pm','UPDATE - equipment','54615'),('admin','06/17/2014 - 04:33:21 pm','INSERT - purchase','test - 2014-06-06'),('admin','06/17/2014 - 04:33:41 pm','UPDATE - equipment','54615'),('admin','06/17/2014 - 04:34:05 pm','INSERT - purchase','N/A - 2014-05-03'),('admin','06/17/2014 - 04:34:25 pm','INSERT - purchase','N/A - 2012-06-09'),('admin','06/17/2014 - 05:00:05 pm','INSERT - purchase','test - 2012-06-09'),('admin','06/17/2014 - 05:01:05 pm','INSERT - purchase','test2 - 2012-06-09'),('admin','06/17/2014 - 05:02:01 pm','INSERT - purchase','N/A - 2012-06-09'),('admin','06/17/2014 - 05:02:12 pm','UPDATE - equipment','62033'),('admin','06/17/2014 - 05:25:21 pm','INSERT - equipment','99999'),('admin','06/17/2014 - 09:00:01 am','UPDATE - equipment','62033'),('admin','06/17/2014 - 09:00:24 am','INSERT - purchase','N/A - 2014-06-16'),('admin','06/17/2014 - 09:00:36 am','UPDATE - equipment','54615'),('admin','06/17/2014 - 09:05:05 am','INSERT - equipment','99999'),('admin','06/17/2014 - 09:05:20 am','UPDATE - equipment','99999'),('admin','06/17/2014 - 09:05:47 am','INSERT - purchase','test2 - 2014-05-05'),('admin','06/17/2014 - 09:13:54 am','UPDATE - equipment','99999'),('admin','06/17/2014 - 09:14:19 am','UPDATE - equipment','54611'),('admin','06/17/2014 - 09:15:04 am','UPDATE - equipment','54608'),('admin','06/17/2014 - 09:16:44 am','UPDATE - equipment','99999'),('admin','06/17/2014 - 09:16:56 am','UPDATE - equipment','54615'),('admin','06/17/2014 - 09:18:25 am','UPDATE - equipment','54615'),('admin','06/17/2014 - 09:18:37 am','UPDATE - equipment','54606'),('admin','06/17/2014 - 09:18:51 am','UPDATE - equipment','54606'),('admin','06/17/2014 - 09:19:01 am','UPDATE - equipment','54612'),('admin','06/17/2014 - 09:25:19 am','UPDATE - equipment','99999'),('admin','06/17/2014 - 09:25:48 am','UPDATE - equipment','54612'),('admin','06/17/2014 - 09:26:04 am','UPDATE - equipment','54606'),('admin','06/17/2014 - 09:26:38 am','UPDATE - equipment','54612'),('admin','06/17/2014 - 09:27:11 am','UPDATE - equipment','54608'),('admin','06/17/2014 - 09:27:41 am','DELETE - equipment','99999'),('admin','06/17/2014 - 09:28:12 am','INSERT - equipment','99999'),('admin','06/17/2014 - 09:28:24 am','UPDATE - equipment','99999'),('admin','06/17/2014 - 09:30:21 am','DELETE - equipment','99999'),('admin','06/17/2014 - 09:57:21 am','INSERT - purchase','N/A - 2014-05-22'),('admin','06/17/2014 - 09:57:46 am','INSERT - purchase','N/A - 2014-05-02'),('admin','06/17/2014 - 09:58:09 am','INSERT - purchase','N/A - 2014-04-26'),('admin','06/17/2014 - 09:58:40 am','INSERT - purchase','N/A - 2014-05-13'),('admin','06/17/2014 - 09:58:41 am','UPDATE - equipment','54608'),('admin','06/17/2014 - 09:59:05 am','INSERT - purchase','N/A - 2014-05-30'),('admin','06/18/2014 - 02:35:25 pm','INSERT - purchase','N/A - 2014-06-19'),('admin','06/18/2014 - 04:57:37 pm','UPDATE - software','test software - Single Computer'),('admin','06/18/2014 - 04:59:19 pm','UPDATE - software','test software - Single Computer'),('admin','06/18/2014 - 04:59:54 pm','INSERT - software','test2 - Single User'),('admin','06/18/2014 - 05:12:58 pm','UPDATE - equipment','62033'),('admin','06/18/2014 - 05:23:02 pm','DELETE - equipment','99999'),('admin','06/18/2014 - 05:24:50 pm','UPDATE - purchase','N/A - 2012-06-09');
/*!40000 ALTER TABLE `activity` ENABLE KEYS */;
UNLOCK TABLES;

--
-- Table structure for table `computer`
--

DROP TABLE IF EXISTS `computer`;
/*!40101 SET @saved_cs_client     = @@character_set_client */;
/*!40101 SET character_set_client = utf8 */;
CREATE TABLE `computer` (
  `hostname` varchar(45) DEFAULT NULL,
  `os` varchar(45) NOT NULL,
  `computer_tag` char(5) NOT NULL,
  PRIMARY KEY (`computer_tag`),
  KEY `fk_computer_tag` (`computer_tag`),
  CONSTRAINT `fk_computer_tag` FOREIGN KEY (`computer_tag`) REFERENCES `equipment` (`tag_num`) ON DELETE CASCADE ON UPDATE NO ACTION
) ENGINE=InnoDB DEFAULT CHARSET=latin1;
/*!40101 SET character_set_client = @saved_cs_client */;

--
-- Dumping data for table `computer`
--

LOCK TABLES `computer` WRITE;
/*!40000 ALTER TABLE `computer` DISABLE KEYS */;
INSERT INTO `computer` VALUES (NULL,'Mac OS 8.0','21041'),(NULL,'Mac OS 9','25916'),(NULL,'Mac OSX 10.7','32034'),(NULL,'Mac OSX 10.7','32035'),(NULL,'Mac OSX 10.7','32036'),(NULL,'Mac OSX 10.8.6','33337'),(NULL,'Mac OSX 10.2.8','33597'),(NULL,'Windows XP','34201'),(NULL,'Mac OS 9','34343'),(NULL,'Windows NT 4 Server','34702'),(NULL,'Windows 2000','34705'),(NULL,'Mac OSX 10.2.8','34906'),(NULL,'Mac OSX 10.3.9','35115'),(NULL,'Mac OSX 10.3.9','35116'),(NULL,'Mac OSX 10.2','35899'),(NULL,'Mac OSX 10.3.9','35933'),(NULL,'Mac OSX 10.3.9','35934'),(NULL,'Mac OSX 10.4.7','35945'),(NULL,'Mac OSX 10.3.9','35959'),(NULL,'Mac OSX 10.2.8','35960'),(NULL,'Windows XP','36143'),(NULL,'Mac OSX 10.2.8','36157'),(NULL,'Windows 2000','36166'),(NULL,'Mac OSX 10.2.8','36392'),(NULL,'Mac OSX 10.2.8','36399'),(NULL,'Windows 2000','36400'),(NULL,'Windows 2000','36402'),(NULL,'Windows 2000','36405'),(NULL,'Windows XP','36413'),(NULL,'Windows XP','36745'),(NULL,'Windows 2000','37434'),(NULL,'Windows XP','38305'),(NULL,'Windows XP','38306'),(NULL,'Windows XP','38307'),(NULL,'Windows XP','38308'),(NULL,'Windows XP','38309'),(NULL,'Windows XP','38310'),(NULL,'Windows XP','38311'),(NULL,'Windows XP','38312'),(NULL,'Windows XP','38313'),(NULL,'Windows XP','38315'),(NULL,'Windows XP','38316'),(NULL,'Windows XP','38317'),(NULL,'Windows XP','38318'),(NULL,'Windows XP','38319'),(NULL,'Windows XP','38320'),(NULL,'Windows 2000','38321'),(NULL,'Windows XP','38323'),(NULL,'Windows XP','38324'),(NULL,'Windows XP','38325'),(NULL,'Windows XP','38326'),(NULL,'Windows XP','38327'),(NULL,'Windows XP','38328'),(NULL,'Windows XP','38329'),(NULL,'Windows XP','38330'),(NULL,'Windows XP','38331'),(NULL,'Windows XP','38332'),(NULL,'Windows XP','38333'),(NULL,'Windows XP','38334'),(NULL,'Windows XP','38340'),(NULL,'Windows XP','38341'),(NULL,'Windows XP','38342'),(NULL,'Windows XP','38343'),(NULL,'Windows 2000','38344'),(NULL,'Windows XP','38345'),(NULL,'Windows 2000','38346'),(NULL,'Windows XP','38347'),(NULL,'Windows XP','38348'),(NULL,'Windows 2000','38349'),(NULL,'Windows XP','38350'),(NULL,'Windows 2000','38351'),(NULL,'Windows XP','38352'),(NULL,'Windows XP','38353'),(NULL,'Windows XP','38354'),(NULL,'Windows XP','38356'),(NULL,'Windows 2000','38357'),(NULL,'Windows XP','38358'),(NULL,'Windows XP','38359'),(NULL,'Windows XP','38360'),(NULL,'Windows XP','38367'),(NULL,'Windows XP','38369'),(NULL,'Windows XP','38370'),(NULL,'Windows XP','38371'),(NULL,'Windows XP','38372'),(NULL,'Windows XP','38373'),(NULL,'Windows XP','38374'),(NULL,'Windows XP','38375'),(NULL,'Windows XP','38376'),(NULL,'Windows XP','38389'),(NULL,'Windows XP','38390'),(NULL,'Windows XP','38391'),(NULL,'Windows XP','38392'),(NULL,'Windows XP','38393'),(NULL,'Windows XP','38394'),(NULL,'Windows 2000','38395'),(NULL,'Windows XP','38396'),(NULL,'Windows XP','38398'),(NULL,'Windows XP','38399'),(NULL,'Windows XP','38402'),(NULL,'Mac OSX 10.4.11','38485'),(NULL,'Mac OSX 10.2.8','38665'),(NULL,'Mac OSX 10.2.8','38666'),(NULL,'Mac OSX 10.4.11','38668'),(NULL,'Mac OSX 10.4.11','39001'),(NULL,'Mac OSX 10.4.11','39002'),(NULL,'Mac OSX 10.4.11','39003'),(NULL,'Mac OSX 10.4.11','39004'),(NULL,'Mac OSX 10.4.11','39005'),(NULL,'Mac OSX 10.4.11','39008'),(NULL,'Mac OSX 10.4.11','39009'),(NULL,'Mac OSX 10.4.11','39010'),(NULL,'Mac OSX 10.4.11','39011'),(NULL,'Mac OSX 10.4.11','39012'),(NULL,'Mac OSX 10.4.11','39014'),(NULL,'Mac OSX 10.4.11','39015'),(NULL,'Mac OSX 10.4.11','39017'),(NULL,'Mac OSX 10.4.11','39018'),(NULL,'Mac OSX 10.4.11','39023'),(NULL,'Mac OSX 10.4.11','39027'),(NULL,'Mac OSX 10.4.11','39032'),(NULL,'Mac OSX 10.4.11','39036'),(NULL,'Mac OSX 10.4.11','39037'),(NULL,'Mac OSX 10.4.11','39038'),(NULL,'Mac OSX 10.4.11','39040'),(NULL,'Mac OSX 10.4.11','39041'),(NULL,'Mac OSX 10.4.11','39043'),(NULL,'Mac OSX 10.4.11','39044'),(NULL,'Mac OSX 10.4.11','39047'),(NULL,'Mac OSX 10.4.11','39048'),(NULL,'Windows XP','39141'),(NULL,'Windows 2000','39143'),(NULL,'Windows XP','39144'),(NULL,'Windows XP','39145'),(NULL,'Windows XP','39146'),(NULL,'Windows XP','39157'),(NULL,'Windows XP','39158'),(NULL,'Windows XP','39159'),(NULL,'Windows 2000','39160'),(NULL,'Windows XP','39161'),(NULL,'Windows XP','39163'),(NULL,'Windows XP','39164'),(NULL,'Windows XP','39165'),(NULL,'Windows XP','39166'),(NULL,'Windows 2000','39167'),(NULL,'Debian Unstable','39169'),(NULL,'Windows XP','39266'),(NULL,'Windows XP','39515'),(NULL,'Windows XP','39619'),(NULL,'Windows XP','39620'),(NULL,'Windows 2000','39621'),(NULL,'Mac OSX 10.4.11','39719'),(NULL,'Windows XP','39721'),(NULL,'Mac OSX 10.2.8','39833'),(NULL,'Mac OSX 10.3','39834'),(NULL,'Mac OSX 10.2.8','40161'),(NULL,'Mac OSX 10.3.9','40163'),(NULL,'Mac OSX 10.4.11','40254'),(NULL,'Mac OSX 10.4.11','40391'),(NULL,'Mac OSX 10.4.11','40392'),(NULL,'Mac OSX 10.4.11','40393'),(NULL,'Mac OSX 10.4.11','40394'),(NULL,'Mac OSX 10.4.11','40395'),(NULL,'Mac OSX 10.4.11','40396'),(NULL,'Mac OSX 10.4.11','40497'),(NULL,'Mac OSX 10.3.9','40598'),(NULL,'Mac OSX 10.4.11','40606'),(NULL,'Mac OSX 10.3.9','40681'),(NULL,'Windows XP','40755'),(NULL,'Windows XP','40756'),(NULL,'Windows XP','40757'),(NULL,'Windows XP','40758'),(NULL,'Windows XP','40759'),(NULL,'Windows XP','40760'),(NULL,'Windows XP','40761'),(NULL,'Windows XP','40762'),(NULL,'Windows XP','40765'),(NULL,'Mac OSX 10.4.11','40780'),(NULL,'Windows XP','40787'),(NULL,'Windows XP','40788'),(NULL,'Mac OSX 10.3.9','40805'),(NULL,'Windows XP','40813'),(NULL,'Windows XP','40814'),(NULL,'Windows XP','40815'),(NULL,'Windows XP','40816'),(NULL,'Windows XP','40817'),(NULL,'Windows XP','40839'),(NULL,'Windows XP','40840'),(NULL,'Debian','40841'),(NULL,'Windows XP','40842'),(NULL,'Windows XP','40844'),(NULL,'Windows XP','40845'),(NULL,'Mac OSX 10.3.9','40948'),(NULL,'Windows XP','41057'),(NULL,'Mac OSX 10.2.8','41070'),(NULL,'CentOS 5.8','41088'),(NULL,'Mac OSX 10.3.9','41144'),(NULL,'Debian GNU Linux','41284'),(NULL,'Mac OSX 10.9','41944'),(NULL,'Mac OSX 10.9','41952'),(NULL,'Mac OSX 10.7','42039'),(NULL,'Windows XP','42129'),(NULL,'Windows XP','42295'),(NULL,'Mac OSX 10.4.11','42428'),(NULL,'Mac OSX 10.3.9','42429'),(NULL,'Windows XP','42508'),(NULL,'Mac OSX 10.4.11','42520'),(NULL,'Windows XP','42527'),(NULL,'Windows XP','42528'),(NULL,'WIndows XP','42628'),(NULL,'Windows XP','42679'),(NULL,'Windows XP','42890'),(NULL,'Windows XP','42891'),(NULL,'Windows XP','42892'),(NULL,'Windows XP','42893'),(NULL,'Windows XP','42894'),(NULL,'Windows XP','42895'),(NULL,'Windows XP','43076'),(NULL,'Windows XP','43077'),(NULL,'Windows XP','43078'),(NULL,'Windows XP','43079'),(NULL,'Windows XP','43080'),(NULL,'Windows XP','43261'),(NULL,'Windows XP','43262'),(NULL,'Windows XP','43263'),(NULL,'Windows XP','43264'),(NULL,'Windows XP','43265'),(NULL,'Windows XP','43266'),(NULL,'Windows XP','43267'),(NULL,'Windows XP','43268'),(NULL,'Windows XP','43269'),(NULL,'Windows XP','43270'),(NULL,'Windows XP','43271'),(NULL,'Windows XP','43272'),(NULL,'Windows XP','43273'),(NULL,'Windows XP','43274'),(NULL,'Windows XP','43275'),(NULL,'Windows XP','43276'),(NULL,'Windows XP','43277'),(NULL,'Windows XP','43278'),(NULL,'Windows XP','43279'),(NULL,'Windows XP','43280'),(NULL,'Windows XP','43281'),(NULL,'Mac OSX 10.4.11','43283'),(NULL,'Mac OSX 10.4.11','43284'),(NULL,'Mac OSX 10.4.11','43345'),(NULL,'Mac OSX 10.4.11','43346'),(NULL,'Windows XP','43347'),(NULL,'Windows XP','43348'),(NULL,'Windows XP','43349'),(NULL,'Windows XP','43350'),(NULL,'Windows XP','43351'),(NULL,'Windows XP','43352'),(NULL,'Windows XP','43407'),(NULL,'Windows XP','43408'),(NULL,'Mac OSX 10.4.9','44124'),(NULL,'Mac OSX 10.4.9','44125'),(NULL,'Mac OSX 10.4.11','44127'),(NULL,'Mac OSX 10.4.11','44128'),(NULL,'Mac OSX 10.4.11','44129'),(NULL,'Mac OSX 10.4.11','44131'),(NULL,'Mac OSX 10.4.11','44134'),(NULL,'Mac OSX 10.4.11','44135'),(NULL,'Mac OSX 10.4.11','44160'),(NULL,'Mac OSX 10.4.11','44166'),(NULL,'Mac OSX 10.4.11','44171'),(NULL,'Windows XP','44178'),(NULL,'Mac OSX 10.4.11','44209'),(NULL,'Windows XP','44292'),(NULL,'Windows XP','44343'),(NULL,'Windows XP','44344'),(NULL,'Mac OSX 10.5','44401'),(NULL,'Windows XP','44542'),(NULL,'Mac OSX 10.5','44578'),(NULL,'Windows XP','44579'),(NULL,'Windows XP','44580'),(NULL,'Windows XP','44607'),(NULL,'Windows XP','44608'),(NULL,'Windows XP','44609'),(NULL,'Windows XP','44610'),(NULL,'Windows XP','44611'),(NULL,'Windows XP','44612'),(NULL,'Windows XP','44613'),(NULL,'Windows XP','44614'),(NULL,'Windows XP','44615'),(NULL,'Windows XP','44616'),(NULL,'Windows XP','44617'),(NULL,'Windows XP','44618'),(NULL,'Mac OSX 10.4.11','44620'),(NULL,'Windows XP','44713'),(NULL,'Windows XP','44714'),(NULL,'Windows XP','44715'),(NULL,'Windows XP','44716'),(NULL,'Windows XP','44717'),(NULL,'Windows XP','44718'),(NULL,'Windows XP','44719'),(NULL,'Windows XP','44720'),(NULL,'Windows XP','44721'),(NULL,'Windows XP','44722'),(NULL,'Windows XP','44723'),(NULL,'Windows XP','44724'),(NULL,'Windows XP','44737'),(NULL,'Windows XP','44738'),(NULL,'Windows XP','44739'),(NULL,'Windows XP','44740'),(NULL,'Windows XP','44741'),(NULL,'Windows XP','44742'),(NULL,'Windows XP','44743'),(NULL,'Windows XP','44744'),(NULL,'Windows XP','44745'),(NULL,'Windows XP','44746'),(NULL,'Windows XP','44747'),(NULL,'Windows XP','44748'),(NULL,'Mac OSX 10.4.11','44749'),(NULL,'Windows XP','44758'),(NULL,'Windows XP','44881'),(NULL,'Mac OSX 10.4.11','44882'),(NULL,'Mac OSX 10.4.11','44884'),(NULL,'Mac OSX 10.4.11','44887'),(NULL,'Windows XP','44888'),(NULL,'Windows XP','44889'),(NULL,'Windows XP','44890'),(NULL,'Debian Unstable','44891'),(NULL,'Windows XP','44892'),(NULL,'Windows Server 2003 ','45028'),(NULL,'Mac OSX 10.4.11','45148'),(NULL,'Windows XP','45269'),(NULL,'Mac OSX 10.4.11','45528'),(NULL,'Windows XP','45538'),(NULL,'Windows XP','45562'),(NULL,'Windows XP','45603'),(NULL,'Mac OSX 10.4.11','45657'),(NULL,'Mac OSX 10.4.11','45694'),(NULL,'Mac OSX 10.4.11','45709'),(NULL,'Mac OSX 10.4.11','45710'),(NULL,'Mac OSX 10.4.11','45711'),(NULL,'Mac OSX 10.4.11','45712'),(NULL,'Mac OSX 10.4.11','45713'),(NULL,'Mac OSX 10.4.11','45714'),(NULL,'Mac OSX 10.4.11','45715'),(NULL,'Mac OSX 10.4.11','45716'),(NULL,'Mac OSX 10.4.11','45717'),(NULL,'Mac OSX 10.4.11','45718'),(NULL,'Windows XP','45805'),(NULL,'Mac OSX 10.4.11','45808'),(NULL,'Mac OSX 10.4.11','45809'),(NULL,'Mac OSX 10.4.11','45810'),(NULL,'Windows Vista','45813'),(NULL,'Mac OSX 10.5.3','45815'),(NULL,'Windows XP','45901'),(NULL,'Windows XP','45902'),(NULL,'Windows XP','45903'),(NULL,'Windows XP','45904'),(NULL,'Windows XP','45905'),(NULL,'Windows XP','45906'),(NULL,'Windows XP','45907'),(NULL,'Windows XP','45908'),(NULL,'Windows XP','45909'),(NULL,'Windows XP','45910'),(NULL,'Windows XP','45911'),(NULL,'Windows XP','45912'),(NULL,'Windows XP','45913'),(NULL,'Windows XP','45961'),(NULL,'Windows XP','45962'),(NULL,'Windows XP','45963'),(NULL,'Windows XP','45964'),(NULL,'Windows XP','45965'),(NULL,'Windows XP','45966'),(NULL,'Windows XP','45967'),(NULL,'Windows XP','45969'),(NULL,'Windows XP','45970'),(NULL,'Windows XP','45971'),(NULL,'Windows XP','45972'),(NULL,'Windows XP','46057'),(NULL,'Windows XP','46064'),(NULL,'Windows XP','46079'),(NULL,'Windows XP','46080'),(NULL,'Windows XP','46081'),(NULL,'Windows XP','46082'),(NULL,'Windows XP','46083'),(NULL,'Windows XP','46084'),(NULL,'Windows XP','46085'),(NULL,'Windows XP','46086'),(NULL,'Windows Vista','46088'),(NULL,'Mac OSX 10.5.2','46089'),(NULL,'Mac OSX 10.4.11','46090'),(NULL,'Windows XP','46091'),(NULL,'Windows XP','46092'),(NULL,'Windows XP','46093'),(NULL,'Windows 7 Pro 64bit','46094'),(NULL,'Windows XP','46178'),(NULL,'Windows XP','46179'),(NULL,'Windows XP','46188'),(NULL,'Mac OSX 10.4.11','46321'),(NULL,'Mac OSX 10.4','46357'),(NULL,'Mac OSX 10.4','46359'),(NULL,'Mac OSX 10.4.11','46360'),(NULL,'Mac OSX 10.4.10','46366'),(NULL,'Mac OSX 10.5','46367'),(NULL,'Windows XP','46369'),(NULL,'Windows XP','46370'),(NULL,'Windows XP','46371'),(NULL,'Windows XP','46372'),(NULL,'Windows XP','46373'),(NULL,'Mac OSX 10.5','46380'),(NULL,'Windows XP','46383'),(NULL,'Windows Vista','46384'),(NULL,'Mac OSX 10.5','46385'),(NULL,'Mac OSX 10.5','46386'),(NULL,'Windows XP','46387'),(NULL,'Mac OSX 10.4.11','46389'),(NULL,'Windows Vista','46390'),(NULL,'Mac OSX 10.5.5','46391'),(NULL,'Mac OSX 10.5.6','46392'),(NULL,'Mac OSX 10.5.3','46393'),(NULL,'Mac OSX 10.5.3','46394'),(NULL,'Mac OSX 10.5.3','46395'),(NULL,'Mac OSX 10.5','46396'),(NULL,'Mac OSX 10.5.3','46397'),(NULL,'Mac OSX 10.5.3','46398'),(NULL,'Mac OSX 10.5.3','46399'),(NULL,'Mac OSX 10.5.3','46400'),(NULL,'Mac OSX 10.4.11','46403'),(NULL,'Mac OSX 10.5.2','46404'),(NULL,'Windows XP','46405'),(NULL,'Mac OSX 10.5.7','46406'),(NULL,'Windows XP','46408'),(NULL,'Windows XP','46409'),(NULL,'Mac OSX 10.6','46410'),(NULL,'Mac OSX 10.6','46411'),(NULL,'Mac OSX 10.6','46412'),(NULL,'Mac OSX 10.6','46413'),(NULL,'Mac OSX 10.6','46414'),(NULL,'Mac OSX 10.6','46415'),(NULL,'Mac OSX 10.6','46416'),(NULL,'Mac OSX 10.4.11','46441'),(NULL,'Mac OSX 10.4.11','46442'),(NULL,'Mac OSX 10.4.11','46443'),(NULL,'Mac OSX 10.4.11','46444'),(NULL,'Mac OSX 10.4.11','46445'),(NULL,'Mac OSX 10.4.11','46446'),(NULL,'Mac OSX 10.4.11','46447'),(NULL,'Mac OSX 10.4.11','46448'),(NULL,'Mac OSX 10.4.11','46449'),(NULL,'Mac OSX 10.4.11','46450'),(NULL,'Mac OSX 10.4.11','46451'),(NULL,'Mac OSX 10.4.11','46453'),(NULL,'Mac OSX 10.4.11','46454'),(NULL,'Mac OSX 10.4.11','46455'),(NULL,'Windows XP','46485'),(NULL,'Mac OSX 10.4.11','46489'),(NULL,'Mac OSX 10.4.11','46490'),(NULL,'Windows XP','46649'),(NULL,'Windows XP','46650'),(NULL,'Mac OSX 10.8.3','47394'),(NULL,'Mac OSX 10.4.11','47515'),(NULL,'Windows Vista','47545'),(NULL,'Windows XP','47546'),(NULL,'Windows Vista','47547'),(NULL,'Windows Vista','47548'),(NULL,'Windows XP','47702'),(NULL,'Windows Vista','47773'),(NULL,'Mac OSX 10.6','48949'),(NULL,'Windows 7 Home Premium','48961'),(NULL,'Mac OSX 10.6','48963'),(NULL,'Windows 7 Pro 64bit','48964'),(NULL,'Mac OSX 10.6','48971'),(NULL,'Windows XP','48972'),(NULL,'Windows 7 Pro 64bit','48973'),(NULL,'iOS','48979'),(NULL,'Mac OSX 10.7','48980'),(NULL,'iOS','48981'),(NULL,'iOS','48982'),(NULL,'iOS','48983'),(NULL,'iOS','48984'),(NULL,'Mac OSX 10.5.8','49515'),(NULL,'Windows XP','49601'),(NULL,'Mac OSX 10.6','49602'),(NULL,'Mac OSX 10.6','49603'),(NULL,'Mac OSX 10.6','49604'),(NULL,'Windows 7 Pro 64bit','49605'),(NULL,'Mac OSX 10.7','49606'),(NULL,'Mac OSX 10.7','49607'),(NULL,'Mac OSX 10.7','49608'),(NULL,'Windows 7 Home Premium','49749'),(NULL,'Windows 7 Pro 64bit','50170'),(NULL,'Mac OSX 10.6','50276'),(NULL,'Mac OSX 10.6','50277'),(NULL,'Windows 7 Pro 64bit','50331'),(NULL,'Windows 7 Pro 64bit','50589'),(NULL,'Windows 7 Pro 64bit','50592'),(NULL,'Windows 7 Pro 64bit','50630'),(NULL,'Windows 7 Pro 64bit','50631'),(NULL,'Windows 7 Pro 64bit','50801'),(NULL,'Windows 7 Pro 64bit','50806'),(NULL,'Windows 7 Pro 64bit','50827'),(NULL,'Windows 7 Pro 64bit','50833'),(NULL,'Windows 7 Pro 64bit','51287'),(NULL,'Windows 7 Pro 64bit','51348'),(NULL,'Windows 7 Pro 64bit','51349'),(NULL,'Mac OSX 10.6','51394'),(NULL,'Windows 7 Pro 64bit','51396'),(NULL,'Mac OSX 10.6','51397'),(NULL,'Mac OSX 10.6.8','51398'),(NULL,'Mac OSX 10.6.8','51399'),(NULL,'Mac OSX 10.7.3','51400'),(NULL,'Mac OSX 10.7','51401'),(NULL,'Mac OSX 10.7','51402'),(NULL,'Mac OSX 10.7','51403'),(NULL,'Mac OSX 10.7','51404'),(NULL,'Mac OSX 10.7','51405'),(NULL,'Mac OSX 10.7','51406'),(NULL,'Mac OSX 10.6.7','51420'),(NULL,'Mac OSX 10.6.7','51421'),(NULL,'Mac OSX 10.6.7','51422'),(NULL,'Mac OSX 10.6.7','51423'),(NULL,'Mac OSX 10.6.7','51424'),(NULL,'Mac OSX 10.6.4','51425'),(NULL,'iOS','51426'),(NULL,'Mac OSX 10.6.8','51427'),(NULL,'Mac OSX 10.6','51428'),(NULL,'Mac OSX 10.6.7','51429'),(NULL,'Mac OSX 10.6.7','51430'),(NULL,'Windows 7 Pro 64bit','51786'),(NULL,'Windows 7 Pro 64bit','51959'),(NULL,'Windows 7 Pro 64bit','51961'),(NULL,'Windows 7 Pro 64bit','51962'),(NULL,'Windows 7 Pro 64bit','51963'),(NULL,'Windows 7 Pro 64bit','51964'),(NULL,'iOS','52031'),(NULL,'iOS','52032'),(NULL,'Mac OSX 10.7','52045'),(NULL,'Mac OSX 10.7','52046'),(NULL,'Mac OSX 10.7','52047'),(NULL,'Mac OSX 10.7','52048'),(NULL,'Mac OSX 10.7','52049'),(NULL,'Mac OSX 10.7','52050'),(NULL,'Mac OSX 10.7','52051'),(NULL,'Mac OSX 10.7','52053'),(NULL,'Mac OSX 10.7','52055'),(NULL,'Mac OSX 10.7','52056'),(NULL,'Mac OSX 10.7','52057'),(NULL,'Mac OSX 10.7','52058'),(NULL,'Mac OSX 10.7','52059'),(NULL,'Mac OSX 10.7','52060'),(NULL,'Mac OSX 10.7','52061'),(NULL,'Mac OSX 10.7','52062'),(NULL,'Mac OSX 10.7.3','52064'),(NULL,'Windows 7 Pro 64bit','52065'),(NULL,'Mac OSX 10.7.3','52068'),(NULL,'Mac OSX 10.7.3','52069'),(NULL,'Windows 7 Pro 64bit','52240'),(NULL,'Windows 7 Pro 64bit','52426'),(NULL,'Windows 7 Pro 64bit','52429'),(NULL,'Windows 7 Pro 64bit','52431'),(NULL,'Windows 7 Pro 64bit','52432'),(NULL,'Windows 7 Pro 64bit','52433'),(NULL,'Windows 7 Pro 64bit','52625'),(NULL,'Windows 7 Pro 64bit','52626'),(NULL,'Windows 7 Pro 64bit','52627'),(NULL,'Windows 7 Pro 64bit','52628'),(NULL,'iOS','52876'),(NULL,'iOS','52877'),(NULL,'iOS','52878'),(NULL,'iOS','52879'),(NULL,'iOS','52880'),(NULL,'iOS','52881'),(NULL,'Mac OSX 10.7','52882'),(NULL,'Mac OSX 10.7','52883'),(NULL,'Mac OSX 10.7','52884'),(NULL,'Mac OSX 10.7','52885'),(NULL,'Mac OSX 10.7','52886'),(NULL,'Mac OSX 10.7','52887'),(NULL,'Mac OSX 10.7','52888'),(NULL,'Mac OSX 10.7','52889'),(NULL,'Mac OSX 10.7','52890'),(NULL,'Mac OSX 10.7','52891'),(NULL,'Mac OSX 10.7','52892'),(NULL,'Mac OSX 10.7','52893'),(NULL,'Mac OSX 10.7','52894'),(NULL,'Mac OSX 10.7','52895'),(NULL,'Mac OSX 10.7','52896'),(NULL,'Mac OSX 10.7','52897'),(NULL,'Mac OSX 10.7','52898'),(NULL,'Mac OSX 10.7','52899'),(NULL,'Mac OSX 10.7','52900'),(NULL,'Mac OSX 10.7','52901'),(NULL,'Mac OSX 10.7','52902'),(NULL,'iOS','52905'),(NULL,'iOS','52906'),(NULL,'iOS','52907'),(NULL,'Mac OSX 10.8.2','52908'),(NULL,'Mac OSX 10.8.2','52909'),(NULL,'Mac OSX 10.8.2','52910'),(NULL,'Mac OSX 10.8.2','52911'),(NULL,'Mac OSX 10.8.2','52912'),(NULL,'Mac OSX 10.8.2','52913'),(NULL,'Mac OSX 10.8.2','52914'),(NULL,'Mac OSX 10.8.2','52915'),(NULL,'Mac OSX 10.8.2','52916'),(NULL,'Mac OSX 10.8.2','52917'),(NULL,'Mac OSX 10.8.2','52918'),(NULL,'Mac OSX 10.8.2','52919'),(NULL,'Mac OSX 10.8.2','52920'),(NULL,'Mac OSX 10.8.2','52921'),(NULL,'Mac OSX 10.8.2','52922'),(NULL,'Mac OSX 10.8.2','52923'),(NULL,'Mac OSX 10.8.2','52924'),(NULL,'Mac OSX 10.8.2','52925'),(NULL,'Mac OSX 10.8.2','52926'),(NULL,'Mac OSX 10.8.2','52927'),(NULL,'Mac OSX 10.8.2','52928'),(NULL,'Mac OSX 10.8.2','52929'),(NULL,'Mac OSX 10.8.2','52930'),(NULL,'Mac OSX 10.8.2','52931'),(NULL,'Mac OSX 10.8.2','52932'),(NULL,'Mac OSX 10.8.2','52933'),(NULL,'Mac OSX 10.8.4','52934'),(NULL,'Mac OSX 10.8.4','52935'),(NULL,'Mac OSX 10.8.4','52936'),(NULL,'Mac OSX 10.8.4','52937'),(NULL,'Windows 7 Pro 64bit','52938'),(NULL,'Mac OSX 10.8.4','52939'),(NULL,'Mac OSX 10.8.4','52940'),(NULL,'Windows 7 Pro 64bit','53230'),(NULL,'Windows 7 Pro 64bit','53231'),(NULL,'Windows 7 Pro 64bit','53232'),(NULL,'Windows 7 Pro 64bit','53233'),(NULL,'Windows 7 Pro 64bit','53234'),(NULL,'Windows 7 Pro 64bit','53235'),(NULL,'Windows 7 Pro 64bit','53236'),(NULL,'Windows 7 Pro 64bit','53237'),(NULL,'Windows 7 Pro 64bit','53238'),(NULL,'Windows 7 Pro 64bit','53239'),(NULL,'Windows 7 Pro 64bit','53240'),(NULL,'Windows 7 Home Premium','53297'),(NULL,'iOS','53373'),(NULL,'iOS','53374'),(NULL,'iOS','53375'),(NULL,'iOS','53376'),(NULL,'Mac OSX 10.8.4','53377'),(NULL,'Mac OSX 10.8.4','53378'),(NULL,'Mac OSX 10.8.4','53379'),(NULL,'Mac OSX 10.8.4','53380'),(NULL,'Mac OSX 10.8.4','53381'),(NULL,'Mac OSX 10.8.4','53382'),(NULL,'iOS','53383'),('test','Mac OSX 10.8.4','53425'),('test','Mac OSX 10.8.4','53426'),(NULL,'Mac OSX 10.8.4','53427'),(NULL,'Mac OSX 10.8.4','53428'),(NULL,'Mac OSX 10.8.4','53429'),(NULL,'Mac OSX 10.8.4','53430'),(NULL,'Mac OSX 10.8.4','53431'),(NULL,'Mac OSX 10.8.3','53432'),(NULL,'Mac OSX 10.8.5','53438'),(NULL,'Mac OSX 10.8.5','53439'),(NULL,'Windows 7 Pro 64bit','53540'),(NULL,'Windows 7 Pro 64bit','53541'),(NULL,'iOS','54085'),(NULL,'Mac OSX 10.9','54293'),(NULL,'Windows 7 Pro 64bit','54518'),(NULL,'Windows 7 Pro 64bit','54519'),(NULL,'Windows 7 Pro 64bit','54520'),(NULL,'Windows 7 Pro 64bit','54531'),(NULL,'Windows 7 Pro 64bit','54532'),(NULL,'Windows 7 Pro 64bit','54533'),(NULL,'Windows 7 Pro 64bit','54534'),(NULL,'Windows 7 Pro 64bit','54535'),(NULL,'Windows 7 Pro 64bit','54536'),(NULL,'Windows 7 Pro 64bit','54537'),(NULL,'Windows 7 Pro 64bit','54538'),(NULL,'Mac OSX 10.7','54606'),(NULL,'Mac OSX 10.9','54608'),('test','iOS','54609'),(NULL,'Mac OSX 10.9','54611'),(NULL,'Mac OSX 10.8','54612'),(NULL,'Mac OSX 10.7','54615'),('test','Mac OSX 10.7','62033');
/*!40000 ALTER TABLE `computer` ENABLE KEYS */;
UNLOCK TABLES;

--
-- Table structure for table `eq_description`
--

DROP TABLE IF EXISTS `eq_description`;
/*!40101 SET @saved_cs_client     = @@character_set_client */;
/*!40101 SET character_set_client = utf8 */;
CREATE TABLE `eq_description` (
  `description` varchar(100) NOT NULL,
  `tag_num` char(5) NOT NULL,
  PRIMARY KEY (`tag_num`),
  KEY `fk_tag_num` (`tag_num`),
  KEY `fk_description_tag_num` (`tag_num`),
  CONSTRAINT `fk_description_tag_num` FOREIGN KEY (`tag_num`) REFERENCES `equipment` (`tag_num`) ON DELETE CASCADE ON UPDATE NO ACTION
) ENGINE=InnoDB DEFAULT CHARSET=latin1;
/*!40101 SET character_set_client = @saved_cs_client */;

--
-- Dumping data for table `eq_description`
--

LOCK TABLES `eq_description` WRITE;
/*!40000 ALTER TABLE `eq_description` DISABLE KEYS */;
/*!40000 ALTER TABLE `eq_description` ENABLE KEYS */;
UNLOCK TABLES;

--
-- Table structure for table `eq_network`
--

DROP TABLE IF EXISTS `eq_network`;
/*!40101 SET @saved_cs_client     = @@character_set_client */;
/*!40101 SET character_set_client = utf8 */;
CREATE TABLE `eq_network` (
  `tag_num` char(5) NOT NULL,
  `mac` char(17) DEFAULT NULL,
  `wmac` char(17) DEFAULT NULL,
  `ip` char(15) DEFAULT NULL,
  PRIMARY KEY (`tag_num`),
  KEY `fk_eq_n_tag_num` (`tag_num`),
  KEY `fk_network_tag_num` (`tag_num`),
  CONSTRAINT `fk_network_tag_num` FOREIGN KEY (`tag_num`) REFERENCES `equipment` (`tag_num`) ON DELETE CASCADE ON UPDATE NO ACTION
) ENGINE=InnoDB DEFAULT CHARSET=latin1;
/*!40101 SET character_set_client = @saved_cs_client */;

--
-- Dumping data for table `eq_network`
--

LOCK TABLES `eq_network` WRITE;
/*!40000 ALTER TABLE `eq_network` DISABLE KEYS */;
INSERT INTO `eq_network` VALUES ('27415','00:c0:85:21:1b:97',NULL,NULL),('32034','40:6C:8F:32:7E:47','7C:C3:A1:B1:DF:33',NULL),('32035','40:6C:8F:27:F9:50','7C:C3:A1:B1:C6:FE',NULL),('32036','3C:07:54:44:FF:D9','7C:C3:A1:AE:C9:60',NULL),('33337','00:50:e4:06:58:4f',NULL,NULL),('33471','00:c0:b6:00:7c:32',NULL,NULL),('33597','00:50:e4:10:5a:65',NULL,NULL),('34201','00:09:5b:1d:08:8f',NULL,NULL),('34343','00:30:65:3f:61:30',NULL,NULL),('34702','00:12:17:57:49:16',NULL,NULL),('34705','00:b0:d0:46:bf:53',NULL,NULL),('34906','00:30:65:9a:d9:d6',NULL,NULL),('35115','00:30:65:af:da:54',NULL,NULL),('35116','00:30:65:a8:c4:92',NULL,NULL),('35659','00:01:e6:28:f8:de',NULL,NULL),('35899','00:30:65:ba:8a:68',NULL,NULL),('35933','00:30:65:c9:02:32',NULL,NULL),('35934','00:30:65:c9:00:aa',NULL,NULL),('35937','00:30:65:c8:f6:36',NULL,NULL),('35959','00:30:65:ba:8a:e0',NULL,NULL),('35960','00:30:65:ba:89:f6',NULL,NULL),('36143','00:b0:d0:dc:84:d4',NULL,NULL),('36157','00:03:93:05:37:0',NULL,NULL),('36392','00:03:93:48:ea:4e',NULL,NULL),('36399','00:03:93:15:f1:d0',NULL,NULL),('36400','00:b0:d0:f1:d6:f9',NULL,NULL),('36402','00:b0:d0:f1:96:5f',NULL,NULL),('36405','00:b0:d0:cb:d2:48',NULL,NULL),('36413','00:b0:d0:cf:90:49',NULL,NULL),('37034','00:01:e6:54:95:10',NULL,NULL),('37434','00:06:5b:74:09:29',NULL,NULL),('37492','00:01:e6:53:e6:9f',NULL,NULL),('37866','00:c0:b6:00:7c:32',NULL,NULL),('38305','00:06:5b:a1:8e:34',NULL,NULL),('38306','00:06:5b:a1:8e:7e',NULL,NULL),('38307','00:06:5b:a1:8b:c1',NULL,NULL),('38308','00:06:5b:a1:8e:b4',NULL,NULL),('38309','00:06:5b:a1:8b:7c',NULL,NULL),('38310','00:06:5b:a1:8e:9e',NULL,NULL),('38311','00:06:5b:a1:8b:be',NULL,NULL),('38312','00:06:5b:a1:8e:27',NULL,NULL),('38313','00:06:5b:a1:8e:64',NULL,NULL),('38315','00:06:5b:a1:8b:6d',NULL,NULL),('38316','00:06:5b:a8:e3:b',NULL,NULL),('38317','00:06:5b:a1:8e:bd',NULL,NULL),('38318','00:06:5b:a1:8e:98',NULL,NULL),('38319','00:06:5b:a1:8e:85',NULL,NULL),('38320','00:06:5b:76:52:8b',NULL,NULL),('38321','00:06:5b:76:63:7f',NULL,NULL),('38322','00:06:5b:76:63:79',NULL,NULL),('38323','00:06:5b:a1:8d:e4',NULL,NULL),('38324','00:06:5b:76:62:5b',NULL,NULL),('38325','00:06:5b:a1:8d:d7',NULL,NULL),('38327','00:06:5b:76:62:4c',NULL,NULL),('38328','00:06:5b:76:63:a9',NULL,NULL),('38329','00:06:5b:76:63:85',NULL,NULL),('38330','00:06:5b:a1:8d:e6',NULL,NULL),('38331','00:06:5b:76:62:7d',NULL,NULL),('38332','00:06:5b:76:63:7d',NULL,NULL),('38333','00:06:5b:76:63:9e',NULL,NULL),('38334','00:06:5b:76:64:c2',NULL,NULL),('38340','00:06:5b:ac:8d:3f',NULL,NULL),('38341','00:06:5b:a1:8b:97',NULL,NULL),('38342','00:06:5b:a1:8d:d8',NULL,NULL),('38343','00:06:5b:a1:8d:2a',NULL,NULL),('38344','00:06:5b:a1:8e:2b',NULL,NULL),('38345','00:06:5b:a1:8b:86',NULL,NULL),('38346','00:06:5b:a1:8e:57',NULL,NULL),('38347','00:06:5b:a1:8e:7a',NULL,NULL),('38348','00:06:5b:a1:8b:80',NULL,NULL),('38349','00:06:5b:a1:8e:a1',NULL,NULL),('38350','00:06:5b:a1:8e:c0',NULL,NULL),('38351','00:06:5b:a1:8b:72',NULL,NULL),('38352','00:06:5b:a1:8d:3c',NULL,NULL),('38353','00:06:5b:a1:8b:99',NULL,NULL),('38354','00:06:5b:a1:8d:12',NULL,NULL),('38356','00:06:5b:a1:8c:ae',NULL,NULL),('38357','00:06:5b:a1:8f:8f',NULL,NULL),('38358','00:06:5b:a1:8d:32',NULL,NULL),('38359','00:06:5b:a1:8c:ff',NULL,NULL),('38360','00:06:5b:a1:8c:af',NULL,NULL),('38367','00:06:5b:a1:8c:72',NULL,NULL),('38369','00:06:5b:a1:8f:53',NULL,NULL),('38370','00:06:5b:a1:8f:90',NULL,NULL),('38371','00:06:5b:a1:8c:91',NULL,NULL),('38374','00:06:5b:a1:8c:c0',NULL,NULL),('38375','00:06:5b:a1:8f:3b',NULL,NULL),('38376','00:06:5b:a1:8f:73',NULL,NULL),('38389','00:06:5b:a1:8c:c1',NULL,NULL),('38390','00:06:5b:a1:8f:4b',NULL,NULL),('38391','00:06:5b:a1:8e:d8',NULL,NULL),('38392','00:06:5b:a1:8f:11',NULL,NULL),('38393','00:06:5b:a1:se:de',NULL,NULL),('38394','00:06:5b:a1:8f:15',NULL,NULL),('38395','00:06:5b:76:63:8a',NULL,NULL),('38396','00:06:5b:a1:8e:ac',NULL,NULL),('38398','00:06:5b:ac:8b:e5',NULL,NULL),('38399','00:06:5b:ac:8d:56',NULL,NULL),('38402','00:06:5b:a4:24:20',NULL,NULL),('38485','00:03:93:a1:8d:48',NULL,NULL),('38665','00:03:93:A5:C0:EE',NULL,NULL),('38666','00:03:93:b5:05:8e',NULL,NULL),('38668','00:03:93:b5:04:7c',NULL,NULL),('39001','00:03:93:a1:8b:64',NULL,NULL),('39002','00:03:93:8a:77:44',NULL,NULL),('39003','00:03:93:a1:8e:58',NULL,NULL),('39004','00:03:93:8a:76:80',NULL,NULL),('39005','00:03:93:a1:88:f8',NULL,NULL),('39008','00:03:93:a2:e7:2e',NULL,NULL),('39009','00:03:93:b0:c3:b0',NULL,NULL),('39010','00:03:93:8a:78:0a',NULL,NULL),('39011','00:03:93:8a:77:38',NULL,NULL),('39012','00:03:93:8a:77:18',NULL,NULL),('39014','00:03:93:b0:c7:7c',NULL,NULL),('39015','00:03:93:a1:8c:3c',NULL,NULL),('39017','00:03:93:9a:e9:a4',NULL,NULL),('39018','00:03:93:a2:e3:52',NULL,NULL),('39023','00:03:93:8a:78:9a',NULL,NULL),('39027','00:03:93:8a:76:04',NULL,NULL),('39032','00:03:93:a1:8c:12',NULL,NULL),('39036','00:03:93:a1:88:42',NULL,NULL),('39037','00:03:93:9a:ff:14',NULL,NULL),('39038','00:03:93:9a:ee:12',NULL,NULL),('39040','00:03:93:9a:ee:0c',NULL,NULL),('39041','00:03:93:9a:fa:6a',NULL,NULL),('39043','00:03:93:b2:45:36',NULL,NULL),('39044','00:03:93:a1:8a:ea',NULL,NULL),('39047','00:03:93:9a:f9:70',NULL,NULL),('39048','00:03:93:9a:f9:30',NULL,NULL),('39141','00:08:74:01:4f:c1',NULL,NULL),('39143','00:06:5b:97:dc:7a',NULL,NULL),('39144','00:06:5b:97:dc:60',NULL,NULL),('39145','00:06:5b:97:dc:70',NULL,NULL),('39146','00:06:5b:97:dc:54',NULL,NULL),('39157','00:06:5b:97:ef:17',NULL,NULL),('39158','00:06:5b:97:ef:5d',NULL,NULL),('39159','00:06:5b:97:f0:46',NULL,NULL),('39160','00:06:5b:97:f0:48',NULL,NULL),('39161','00:06:5b:97:ef:7b',NULL,NULL),('39163','00:06:5b:97:f0:14',NULL,NULL),('39164','00:06:5b:97:ee:a9',NULL,NULL),('39165','00:06:5b:97:ef:2b',NULL,NULL),('39166','00:06:5b:97:ef:46',NULL,NULL),('39167','00:06:5b:97:ef:4a',NULL,NULL),('39169','00:1f:5b:34:50:b4',NULL,NULL),('39266','00:0b:db:3c:a6:e6',NULL,NULL),('39515','00:08:74:fe:3f:e9',NULL,NULL),('39619','00:0b:db:3c:a9:85',NULL,NULL),('39620','00:0b:db:3c:a9:b5',NULL,NULL),('39621','00:0b:db:3c:a9:c2',NULL,NULL),('39719','00:03:93:d3:d1:24','00:03:93:e9:de:e3',NULL),('39721','00:08:74:f3:c9:18',NULL,NULL),('39833','00:0a:95:78:5c:24',NULL,NULL),('39834','00:0a:95:81:35:f2',NULL,NULL),('40161','00:03:93:CA:0D:C4',NULL,NULL),('40163','00:0a:95:79:ce:92',NULL,NULL),('40254','00:03:93:d3:cd:fe',NULL,NULL),('40391','00:0a:95:35:ca:e7',NULL,NULL),('40392','00:0a:95:e4:9f:a8',NULL,NULL),('40393','00:03:33:f4:65:80',NULL,NULL),('40394','00:0a:95:e4:9d:36',NULL,NULL),('40395','00:0a:95:e5:4d:d8',NULL,NULL),('40396','00:0a:95:35:d1:65',NULL,NULL),('40497','00:0a:95:98:a7:8e',NULL,NULL),('40598','00:0d:93:68:08:7c',NULL,NULL),('40606','00:0a:95:d1:11:4a',NULL,NULL),('40681','00:0d:93:67:14:5a',NULL,NULL),('40755','00:0d:56:f2:ba:0e',NULL,NULL),('40756','00:0d:56:f2:ba:11',NULL,NULL),('40757','00:0d:56:f2:ba:74',NULL,NULL),('40758','00:0d:56:f2:ba:53',NULL,NULL),('40759','00:0d:56:f2:ba:09',NULL,NULL),('40760','00:0d:56:f2:b9:74',NULL,NULL),('40761','00:0d:56:f2:ba:16',NULL,NULL),('40762','00:0d:56:f2:b9:f6',NULL,NULL),('40765','00:0d:56:f2:ba:20',NULL,NULL),('40780','00:0d:93:c2:c7:fc',NULL,NULL),('40787','00:0d:56:f8:62:71',NULL,NULL),('40788','00:0d:56:f8:50:3a',NULL,NULL),('40805','00:0d:93:c0:54:9c',NULL,NULL),('40813','00:0d:56:f8:61:ce',NULL,NULL),('40814','00:0d:56:f8:63:9a',NULL,NULL),('40815','00:0d:56:f8:61:6c',NULL,NULL),('40816','00:0d:56:f8:5f:a1',NULL,NULL),('40817','00:0d:56:f8:62:53',NULL,NULL),('40839','00:0d:56:9d:e4:bb',NULL,NULL),('40840','00:0d:56:9d:e4:a4',NULL,NULL),('40842','00:0d:56:9d:e4:9a',NULL,NULL),('40844','00:0d:56:9d:e4:a7',NULL,NULL),('40845','00:0d:56:9d:e4:68',NULL,NULL),('40948','00:0d:93:b2:d1:ea',NULL,NULL),('41034','00:c0:b7:c3:1e:b0',NULL,NULL),('41041','00:01:e6:7e:18:cd',NULL,NULL),('41057','00:0b:db:3c:a6:02',NULL,NULL),('41070','00:03:93:a8:e4:66',NULL,NULL),('41088','00:0b:db:6b:74:f5',NULL,NULL),('41118','00:01:e6:70:be:d2',NULL,NULL),('41144','00:30:65:b2:0a:10',NULL,NULL),('41220','00:01:e6:9f:88:f7',NULL,NULL),('41284','00:0d:61:3a:68:53',NULL,NULL),('41944',NULL,'60:03:08:91:4b:c8',NULL),('41952','68:5b:35:b4:d3:80','60:03:08:ec:61:70',NULL),('42039','40:6c:8f:40:45:f2','7c:d1:c3:6d:f5:cc',NULL),('42129','00:12:3f:84:7e:9c',NULL,NULL),('42295','00:0e:35:cd:7e:fa',NULL,NULL),('42428','00:11:24:70:09:38',NULL,NULL),('42429','00:0d:93:5c:a6:26',NULL,NULL),('42520','00:11:24:83:76:94',NULL,NULL),('42527','00:11:43:29:26:75',NULL,NULL),('42528','00:11:43:29:28:b3',NULL,NULL),('42679','00:0b:7d:1c:17:5d',NULL,NULL),('42890','00:12:3f:84:7e:11',NULL,NULL),('42891','00:12:3f:84:5f:a7',NULL,NULL),('42892','00:12:3f:84:fd:92',NULL,NULL),('42893','00:12:3f:84:7e:4d',NULL,NULL),('42894','00:12:3f:84:66:22',NULL,NULL),('42895','00:12:3f:84:ff:ba',NULL,NULL),('43076','00:12:3f:2b:14:43',NULL,NULL),('43077','00:11:43:2e:ab:dd',NULL,NULL),('43078','00:12:3f:33:22:11',NULL,NULL),('43079','00:12:3f:2f:48:7d',NULL,NULL),('43080','00:12:3f:2f:47:74',NULL,NULL),('43261','00:12:3f:2f:62:8f',NULL,NULL),('43262','00:12:3f:2b:3e:6c',NULL,NULL),('43263','00:12:3f:2f:49:2d',NULL,NULL),('43264','00:12:3f:2f:50:ea',NULL,NULL),('43265','00:12:3f:2f:7b:4f',NULL,NULL),('43266','00:12:3f:2f:80:72',NULL,NULL),('43267','00:11:43:2e:a9:e4',NULL,NULL),('43268','00:12:3f:2b:22:37',NULL,NULL),('43269','00:12:3f:2f:7a:fb',NULL,NULL),('43270','00:12:3f:2f:53:a3',NULL,NULL),('43271','00:12:3f:2f:7b:83',NULL,NULL),('43272','00:12:3f:2f:48:d3',NULL,NULL),('43273','00:12:3f:2b:23:db',NULL,NULL),('43274','00:12:3f:33:1e:51',NULL,NULL),('43275','00:12:3f:2f:35:5d',NULL,NULL),('43276','00:12:3f:2f:55:f3',NULL,NULL),('43277','00:12:3f:2b:20:50',NULL,NULL),('43278','00:12:3f:2f:32:d0',NULL,NULL),('43279','00:12:3f:2b:21:2f',NULL,NULL),('43280','00:12:3f:2b:46:0a',NULL,NULL),('43281','00:12:3f:2f:42:cf',NULL,NULL),('43283','00:0d:93:7a:c0:c8',NULL,NULL),('43284','00:11:24:3e:c6:3c',NULL,NULL),('43345','00:0d:93:7a:bf:52',NULL,NULL),('43346','00:0d:93:7a:c1:2a',NULL,NULL),('43347','00:12:3f:2f:43:e4',NULL,NULL),('43348','00:12:3f:2f:54:5c',NULL,NULL),('43349','00:12:3f:2b:22:5f',NULL,NULL),('43350','00:12:3f:33:21:80',NULL,NULL),('43351','00:12:3f:33:1f:82',NULL,NULL),('43352','00:12:3f:32:9c:22',NULL,NULL),('43407','00:13:72:82:44:06',NULL,NULL),('43408','00:13:72:82:45:93',NULL,NULL),('43829','00:14:38:45:29:1c',NULL,NULL),('44124','00:14:51:13:29:16',NULL,NULL),('44125','00:14:51:13:3c:f6',NULL,NULL),('44127','00:14:51:13:33:48',NULL,NULL),('44128','00:14:51:13:30:b8',NULL,NULL),('44129','00:14:51:13:31:4e',NULL,NULL),('44131','00:14:51:13:33:1e',NULL,NULL),('44134','00:14:51:13:35:a8',NULL,NULL),('44135','00:14:51:13:2f:f2',NULL,NULL),('44160','00:16:cb:91:96:20','00:16:cb:b2:02:e9',NULL),('44166','00:16:cb:ca:55:05','00:16:cb:ba:ec:5d',NULL),('44171','00:16:cb:92:c3:93','00:16:cb:b1:9b:05',NULL),('44178','00:14:22:f4:c6:45','00:16:6f:80:33:5d',NULL),('44209','00:16:cb:8c:27:96','00:16:cb:02:75:62',NULL),('44292','00:14:22:f6:bb:05','00:16:6f:76:53:83',NULL),('44343','00:13:72:86:fe:07',NULL,NULL),('44344','00:13:72:86:fe:cf',NULL,NULL),('44401','00:16:cb:86:ea:81',NULL,NULL),('44542','00:15:c5:e5:14:6c',NULL,NULL),('44578','00:16:cb:9c:a2:1d','00:17:f2:4c:77:b1',NULL),('44579','00:13:72:6f:fc:d0',NULL,NULL),('44580','00:13:72:77:a0:83',NULL,NULL),('44607','00:13:72:75:93:bf',NULL,NULL),('44608','00:13:72:75:93:fa',NULL,NULL),('44609','00:13:72:77:a1:f9',NULL,NULL),('44610','00:13:72:75:93:45',NULL,NULL),('44611','00:13:72:73:78:d0',NULL,NULL),('44612','00:13:72:75:90:44',NULL,NULL),('44613','00:13:72:75:91:d3',NULL,NULL),('44614','00:13:72:75:94:d0',NULL,NULL),('44615','00:13:72:77:97:b5',NULL,NULL),('44616','00:13:72:75:94:f5',NULL,NULL),('44617','00:13:72:71:55:37',NULL,NULL),('44618','00:13:72:71:58:a4',NULL,NULL),('44620','00:16:cb:91:39:b9','00:16:cb:b2:38:16',NULL),('44713','00:13:72:75:93:de',NULL,NULL),('44714','00:13:72:73:77:6a',NULL,NULL),('44715','00:13:72:75:8c:4f',NULL,NULL),('44716','00:13:72:75:93:c8',NULL,NULL),('44717','00:13:72:75:93:7d',NULL,NULL),('44718','00:13:72:75:94:cc',NULL,NULL),('44719','00:13:72:70:cf:b0',NULL,NULL),('44720','00:13:72:75:92:5f',NULL,NULL),('44721','00:13:72:75:93:d2',NULL,NULL),('44722','00:13:72:75:93:f7',NULL,NULL),('44723','00:13:72:77:a1:b5',NULL,NULL),('44724','00:13:72:77:9f:ad',NULL,NULL),('44737','00:13:72:73:7b:34',NULL,NULL),('44738','00:13:72:77:a0:ae',NULL,NULL),('44739','00:13:72:77:a4:8b',NULL,NULL),('44740','00:13:72:75:95:b7',NULL,NULL),('44741','00:13:72:77:a0:7d',NULL,NULL),('44742','00:13:72:77:a0:bc',NULL,NULL),('44743','00:13:72:75:92:9c',NULL,NULL),('44744','00:13:72:77:a4:a4',NULL,NULL),('44745','00:13:72:75:92:37',NULL,NULL),('44746','00:13:72:77:9f:d3',NULL,NULL),('44747','00:13:72:75:92:8f',NULL,NULL),('44748','00:13:72:75:95:7a',NULL,NULL),('44749','00:16:cb:97:45:59','00:16:cb:b4:f0:ee',NULL),('44809','00:01:e6:a4:2b:15',NULL,NULL),('44881','00:13:72:76:a3:ba',NULL,NULL),('44882','00:16:cb:9a:6d:4a','00:17:f2:97:d1:af',NULL),('44884','00:16:cb:c9:ae:ed','00:17:f2:44:6d:6e',NULL),('44887','00:17:f2:02:53:ea',NULL,NULL),('44888','00:13:72:75:93:72',NULL,NULL),('44889','00:13:72:75:93:df',NULL,NULL),('44890','00:13:72:71:55:44',NULL,NULL),('44891','00:1f:5b:34:50:b4',NULL,NULL),('44892','00:13:72:77:9f:a5',NULL,NULL),('45028','00:15:c5:f4:9a:af',NULL,NULL),('45148','00:17:f2:cd:3a:6c','00:19:e3:0e:a2:9e',NULL),('45269','00:18:8b:b5:eb:28','00:19:d2:6b:2f:5f',NULL),('45528','00:17:f2:06:14:f2',NULL,NULL),('45538','00:13:72:77:a6:3e',NULL,NULL),('45562','00:19:b9:1f:41:b7',NULL,NULL),('45603','00:13:72:73:7a:56',NULL,NULL),('45643','00:14:38:a0:e6:41',NULL,NULL),('45657','00:17:f2:06:16:96',NULL,NULL),('45686','00:14:38:a6:4a:0c',NULL,NULL),('45693','00:30:c1:54:b3:3f',NULL,NULL),('45694','00:16:cb:94:e7:de','00:17:f2:45:37:38',NULL),('45709','00:17:f2:d8:17:a6','00:17:f2:37:ec:08',NULL),('45710','00:17:f2:d8:15:23','00:17:f2:37:eb:5d',NULL),('45711','00:17:f2:d4:bd:76','00:17:f2:37:e9:84',NULL),('45712','00:17:f2:d4:be:99','00:17:f2:37:ea:03',NULL),('45713','00:17:f2:d8:16:97','00:17:f2:37:f0:9a',NULL),('45714','00:17:f2:d5:f8:f8','00:17:f2:37:e9:7b',NULL),('45715','00:17:f2:d4:be:13','00:17:f2:37:e7:fa',NULL),('45716','00:17:f2:d8:04:22','00:17:f2:37:ed:cc',NULL),('45717','00:17:f2:08:d0:ce',NULL,NULL),('45718','00:16:cb:8e:32:2d','00:16:cb:bf:20:d5',NULL),('45805','00:13:72:77:a6:5a',NULL,NULL),('45808','00:17:f2:cc:3b:c1','00:19:e3:dc:b3:a3',NULL),('45809','00:17:f2:d0:51:f5','00:19:e3:df:11:fd',NULL),('45810','00:17:f2:d1:72:c7','00:19:e3:df:45:6e',NULL),('45813','00:1a:80:24:58:37','00:1c:bf:59:df:b8',NULL),('45815','00:1f:5b:30:18:b0',NULL,NULL),('45901','00:19:b9:2e:09:9a',NULL,NULL),('45902','00:19:b9:2f:b5:ec',NULL,NULL),('45903','00:19:b9:2e:08:59',NULL,NULL),('45904','00:19:b9:2e:09:72',NULL,NULL),('45905','00:19:b9:2e:05:17',NULL,NULL),('45906','00:19:b9:2e:08:af',NULL,NULL),('45907','00:19:b9:2f:b5:e9',NULL,NULL),('45908','00:19:b9:2e:09:93',NULL,NULL),('45909','00:19:b9:2f:b5:24',NULL,NULL),('45910','00:19:b9:2f:b5:8d',NULL,NULL),('45911','00:19:b9:2e:08:ee',NULL,NULL),('45912','00:19:b9:2e:08:6b',NULL,NULL),('45913','00:19:b9:2e:08:74',NULL,NULL),('45961','00:19:b9:2f:b4:a8',NULL,NULL),('45962','00:19:b9:2e:05:3e',NULL,NULL),('45963','00:19:b9:2f:b5:c1',NULL,NULL),('45964','00:19:b9:2f:b5:75',NULL,NULL),('45965','00:19:b9:2e:07:81',NULL,NULL),('45966','00:19:b9:2f:b5:c5',NULL,NULL),('45967','00:19:b9:2e:03:33',NULL,NULL),('45969','00:19:b9:2f:bf:9b',NULL,NULL),('45970','00:19:b9:2e:07:e6',NULL,NULL),('45971','00:19:b9:2e:05:21',NULL,NULL),('45972','00:19:b9:2e:09:b4',NULL,NULL),('46017','00:17:a4:93:60:cc',NULL,NULL),('46057','00:19:b9:40:53:30',NULL,NULL),('46064','00:1a:a0:a0:89:ea',NULL,NULL),('46079','00:19:b9:3d:7f:a6',NULL,NULL),('46080','00:19:b9:3d:7f:69',NULL,NULL),('46081','00:19:b9:3d:76:41',NULL,NULL),('46082','00:19:b9:3d:7e:4d',NULL,NULL),('46083','00:19:b9:3d:35:6b',NULL,NULL),('46084','00:19:b9:3c:c4:a1',NULL,NULL),('46085','00:19:b9:3d:7e:57',NULL,NULL),('46086','00:19:b9:3d:3d:16',NULL,NULL),('46088','00:1d:09:4a:d3:d7','00:1f:3a:30:9d:3f',NULL),('46089','00:16:cb:ad:d7:3f','00:1c:b3:b2:16:9b',NULL),('46090','00:1f:f3:54:0e:fa',NULL,NULL),('46091','00:1e:4f:dc:d2:06',NULL,NULL),('46092','00:1e:4f:d4:ff:e0',NULL,NULL),('46093','00:18:8b:d0:67:e1','00:1b:77:23:b8:0d',NULL),('46094','00:18:8b:d0:6c:4e','00:1b:77:23:b7:eb',NULL),('46101','00:17:08:85:61:2a',NULL,NULL),('46178','00:1a:a0:89:5f:08',NULL,NULL),('46179','00:19:b9:3c:89:3b',NULL,NULL),('46188','00:1c:23:10:b2:be','00:1b:77:c4:e5:4d',NULL),('46321','00:1b:63:92:8d:4a','00:1b:63:c3:ec:df',NULL),('46360','00:1b:63:a0:94:66','00:1c:b3:7a:b7:1e',NULL),('46366','00:1b:63:a2:c2:76',NULL,NULL),('46369','00:1a:a0:c9:09:c4',NULL,NULL),('46370','00:1a:a0:c9:65:e8',NULL,NULL),('46371','00:1a:a0:c9:90:24',NULL,NULL),('46372','00:1a:a0:c9:91:65',NULL,NULL),('46373','00:1a:a0:c9:08:df',NULL,NULL),('46380','00:1b:63:9f:46:21',NULL,NULL),('46383','00:21:70:06:07:79',NULL,NULL),('46384','00:21:70:06:02:7d',NULL,NULL),('46385','00:1f:f3:5b:eb:15','00:1f:5b:c8:f1:31',NULL),('46386','00:1f:5b:34:50:b4',NULL,NULL),('46387','00:1c:23:52:6f:7a','00:1f:3b:a9:99:75',NULL),('46389','00:0a:95:9f:06:c8',NULL,NULL),('46390','00:1e:68:83:7c:72','00:1f:3c:76:39:f3',NULL),('46391','00:1f:f3:cb:de:a5','00:22:41:fb:00:1d',NULL),('46392','00:25:00:d0:05:ba','00:23:6c:99:d4:ea',NULL),('46393','00:19:e3:4a:77:0e','00:17:f2:3a:bf:e3',NULL),('46394','00:19:e3:4a:8a:6c','00:17:f2:3a:bf:6f',NULL),('46395','00:19:e3:4a:76:e6','00:17:f2:3a:c2:78',NULL),('46396','00:16:cb:9f:69:8a','00:17:f2:3a:bf:bd',NULL),('46397','00:19:e3:4a:7e:4a','00:17:f2:3a:c2:77',NULL),('46398','00:19:e3:4a:79:ef','00:17:f2:3a:bf:c3',NULL),('46399','00:19:e3:4a:8a:85','00:17:f2:3a:c3:c0',NULL),('46400','00:19:e3:4a:7d:89','00:17:f2:3a:c2:75',NULL),('46403','00:16:cb:a3:b1:a6','00:16:cb:04:e8:b7',NULL),('46404','00:1e:c2:12:e3:b3','00:1e:c2:a3:61:e0',NULL),('46405','00:24:81:94:65:d3',NULL,NULL),('46406','00:23:df:9f:53:8e','00:23:6c:96:c7:ba',NULL),('46407','00:c0:b7:a2:19:64',NULL,NULL),('46408','00:24:81:94:66:35',NULL,NULL),('46409','00:24:81:94:62:17',NULL,NULL),('46410','34:15:9e:12:e5:e0','f8:1e:df:e3:be:b2',NULL),('46411','d4:9a:20:f7:47:a4','7c:6d:62:75:79:81',NULL),('46412','d4:9a:20:f7:37:f2','7c:6d:62:75:90:a2',NULL),('46413','d4:9a:20:fc:9b:32','7c:6d:62:75:84:d4',NULL),('46414','d4:9a:20:f7:58:96','7c:6d:62:75:90:de',NULL),('46415','34:15:9e:04:7b:84','7c:6d:62:75:84:dc',NULL),('46416','d4:9a:20:f7:4c:9e','7c:6d:62:75:92:85',NULL),('46441','00:17:f2:05:df:b0',NULL,NULL),('46442','00:17:f2:06:14:1c',NULL,NULL),('46443','00:17:f2:06:15:d0',NULL,NULL),('46444','00:17:f2:06:13:6a',NULL,NULL),('46445','00:17:f2:06:13:64',NULL,NULL),('46446','00:17:f2:06:14:76',NULL,NULL),('46447','00:17:f2:05:df:d8',NULL,NULL),('46448','00:17:f2:06:14:50',NULL,NULL),('46449','00:17:f2:06:14:fc',NULL,NULL),('46450','00:17:f2:06:15:3e',NULL,NULL),('46451','00:17:f2:05:df:e6',NULL,NULL),('46453','00:17:f2:06:15:06',NULL,NULL),('46454','00:17:f2:05:df:da',NULL,NULL),('46455','00:17:f2:06:15:1c',NULL,NULL),('46485','00:1c:23:0f:c4:e7','00:1b:77:c5:26:58',NULL),('46489','00:17:f2:06:14:36',NULL,NULL),('46490','00:17:f2:06:14:e4',NULL,NULL),('46649','00:1a:a0:ec:58:14',NULL,NULL),('46650','00:1a:a0:ec:54:d5',NULL,NULL),('47394','28:cf:e9:4c:cf:b2','28:cf:e9:4c:cf:b1',NULL),('47423','00:1e:0b:07:d4:01',NULL,NULL),('47515','00:17:f2:0e:96:74',NULL,NULL),('47545','00:21:70:08:10:6f',NULL,NULL),('47546','00:21:70:07:d7:99',NULL,NULL),('47547','00:21:70:08:09:55',NULL,NULL),('47548','00:21:70:07:d7:e3',NULL,NULL),('47702','00:1c:23:54:2c:bd',NULL,NULL),('47773','02:00:54:55:4e:01',NULL,NULL),('48949','00:26:b0:df:5d:b0','00:26:bb:08:89:f2',NULL),('48961','54:42:49:01:d9:34','78:dd:08:cc:56:90',NULL),('48963','e8:06:88:df:1b:e2','90:27:e4:fd:09:b9',NULL),('48964','00:26:b9:dd:dc:ae','00:23:14:99:19:c4',NULL),('48971','78:ca:39:0b:0d:66','60:33:4b:24:e6:8f',NULL),('48972','00:14:22:cd:da:e8','00:16:6f:46:b7:56',NULL),('48973','f0:7b:cb:f7:dc:61','00:26:83:bb:bb:d8',NULL),('48979',NULL,'64:20:0c:9b:0a:2e',NULL),('48980','3c:07:54:66:09:28','c0:2g:y2:x1:dh:jq',NULL),('48981',NULL,'60:20:0c:94:a5:84',NULL),('48982',NULL,'64:20:0c:8b:5e:5d',NULL),('48983',NULL,'b0:65:bd:e0:38:58',NULL),('48984',NULL,'b0:65:bd:2d:20:52',NULL),('49515','00:25:00:d0:08:e2','00:23:6c:99:eb:59',NULL),('49601','00:26:b9:a4:b8:5d','c4:17:fe:ba:c2:9d',NULL),('49602','d4:9a:20:f5:57:3c','7c:6d:62:75:84:dd',NULL),('49603','34:15:9e:2a:8e:90','d8:30:62:4b:ed:da',NULL),('49604','c4:2c:03:39:4b:d9','c8:bc:c8:d0:6b:17',NULL),('49605','24:b6:fd:13:91:9c','e4:d5:3d:f2:48:c3',NULL),('49606','c8:2a:14:4a:bc:0f','e4:ce:8f:24:9b:3e',NULL),('49607','c8:2a:14:25:09:45','10:9a:dd:a6:82:40',NULL),('49608','c8:2a:14:24:91:f4','10:9a:dd:a6:94:67',NULL),('50170','84:2b:2b:b1:9f:a2',NULL,NULL),('50277','c8:2a:14:41:50:89','e4:ce:8f:25:22:do',NULL),('50331','5c:26:0a:1f:10:ce','1c:65:9d:99:4d:17',NULL),('50589','5c:26:0a:4f:80:a7','68:a3:c4:70:69:65',NULL),('50592','98:4b:e1:ed:0e:4b','ac:81:12:6e:8d:18',NULL),('50630','2c:27:d1:1c:8a:6b',NULL,NULL),('50631','2c:27:d7:1c:8a:5d',NULL,NULL),('50801','2c:27:d7:1c:9e:be',NULL,NULL),('50804','2c:27:d7:1c:9c:a7',NULL,NULL),('50806','2c:27:d7:1c:9e:38',NULL,NULL),('50827','64:31:50:98:50:32','ac:81:12:6f:0b:35',NULL),('50833','2c:27:d7:1c:97:11',NULL,NULL),('51287','2c:27:d7:3b:4f:91',NULL,NULL),('51348','9c:8e:99:3e:d1:ef','ac:81:12:83:18:9e',NULL),('51349','9c:8e:99:3d:f0:d3','ac:81:12:83:20:83',NULL),('51394','00:25:00:d0:05:ba','00:23:6c:99:d4:ea',NULL),('51396','e8:11:32:6b:9a:cc','8c:a9:82:94:d7:e2',NULL),('51397','3c:07:54:2e:07:69','e4:ce:8f:65:58:d7',NULL),('51398','70:cd:60:f2:4b:d6','e0:f8:47:32:17:d2',NULL),('51399','10:9a:dd:9e:65:0a','c8:2a:14:21:74:0b',NULL),('51400','40:6C:8F:31:56:88','7C:D1:C3:6E:38:48',NULL),('51401','40:6C:8F:4E:6D:39','7C:D1:C3:86:6D:72',NULL),('51402','40:6C:8F:23:D6:C2','10:40:F3:EE:BB:94',NULL),('51403','40:6C:8F:26:74:5E','10:40:F3:EE:D8:DE',NULL),('51404','40:6C:8F:4E:83:65','7C:D1:C3:88:A4:76',NULL),('51405','40:6C:8F:33:5E:07','7C:D1:C3:6E:5E:5E',NULL),('51406','40:6C:8F:49:7E:32','7C:D1:C3:85:DF:14',NULL),('51420',NULL,'e4:ce:8f:05:6c:62',NULL),('51421','c8:2a:14:4c:d4:e9','e4:ce:8f:3a:0a:0c',NULL),('51422','10:9a:dd:63:74:bd','e4:ce:8f:3a:56:1c',NULL),('51423','10:9a:dd:6b:30:e4','e4:ce:8f:0b:ba:bc',NULL),('51424','c8:2a:14:4c:a4:c0','e4:ce:8f:39:d1:82',NULL),('51425','70:cd:60:87:6e:3c','e4:ce:8f:76:98:d5',NULL),('51427','e4:ce:8f:5d:be:9a','44:2a:60:e6:57:5b',NULL),('51428','c8:2a:14:33:53:e9','e4:ce:8f:59:79:59',NULL),('51429','e4:ce:8f:3a:03:20','e4:ce:8f:3a:03:21',NULL),('51430','c8:2a:14:43:3l:ef','e4:ce:8f:39:51:fc',NULL),('51684','10:1f:74:ff:89:fb','88:53:2e:ab:02:7f',NULL),('51785','10:1f:74:ff:59:c2','88:53:2e:ab:46:40',NULL),('51786','2c:41:38:0e:e9:36','88:53:2e:ab:12:6a',NULL),('51959','d4:be:d9:9b:9d:b0',NULL,NULL),('51961','d4:be:d9:9e:9d:83',NULL,NULL),('51962','d4:be:d9:9e:9a:cd',NULL,NULL),('51963','d4:be:d9:9e:99:c8',NULL,NULL),('51964','d4:be:d9:9e:bb:bf',NULL,NULL),('52031',NULL,'64:20:0C:67:E3:79',NULL),('52032',NULL,'64:20:0C:54:56:3E',NULL),('52037','40:6C:8F:20:A3:6F','7C:C3:A1:AE:BA:2E',NULL),('52038','40:6C:8F:27:4A:C1','7C:C3:A1:AE:CA:0B',NULL),('52045','40:6C:8F:26:46:4E','10:40:F3:EE:C2:7C',NULL),('52046','40:6C:8F:4E:C2:53','7C:D1:C3:86:6C:DC',NULL),('52047','40:6C:8F:22:B9:7C','10:40:F3:AC:1B:B8',NULL),('52048','40:6C:8F:4E:82:EF','7C:D1:C3:87:FE:62',NULL),('52049','40:6C:8F:49:BD:53','7C:D1:C3:80:BA:E8',NULL),('52050','40:6C:8F:3C:47:CD','7C:D1:C3:6E:4E:A6',NULL),('52051','40:6C:8F:3B:5A:2D','7C:D1:C3:72:24:9E',NULL),('52053','40:6C:8F:53:5A:C2','7C:D1:C3:98:0E:BA',NULL),('52055','40:6C:8F:19:D7:C5','7C:C3:A1:AB:60:16',NULL),('52056','40:6C:8F:16:48:80','7C:C3:A1:AB:60:11',NULL),('52057','c8:2a:14:24:5e:2e','e4:ce:8f:50:a4:4d',NULL),('52058','c8:2a:14:2a:9b:4b','e4:ce:8f:55:5d:10',NULL),('52059','c8:2a:14:29:01:36','10:9a:dd:a6:94:6b',NULL),('52060','c8:2a:14:29:01:36','e4:ce:8f:54:10:eb',NULL),('52061','c8:2a:14:32:b1:4f','e4:ce:8f:57:3e:06',NULL),('52062','c8:2a:14:23:f1:b1','e4:ce:8f:53:d1:8c',NULL),('52064','3c:07:54:75:b0:26','68:a8:6d:52:f7:50',NULL),('52065','d4:be:d9:9e:85:25',NULL,NULL),('52068','40:6c:8f:1a:a1:c1','10:40:f3:af:94:aa',NULL),('52069','c8:2a:14:25:09:25','10:9a:dd:a6:af:80',NULL),('52240','b8:ca:3a:7e:d1:a1',NULL,NULL),('52426','5C:F9:DD:73:6B:61',NULL,NULL),('52429','5C:F9:DD:74:83:87',NULL,NULL),('52430','5C:F9:DD:74:86:81',NULL,NULL),('52431','5C:F9:DD:74:5B:B0',NULL,NULL),('52432','5C:F9:DD:74:84:37',NULL,NULL),('52433','5C:F9:DD:74:87:7F',NULL,NULL),('52625','b8:ca:3a:7e:e0:a6',NULL,NULL),('52626','b8:ca:3a:7e:bc:cf',NULL,NULL),('52627','b8:ca:3a:7e:e6:11',NULL,NULL),('52628','b8:ca:3a:7e:de:1f',NULL,NULL),('52876',NULL,'b0:65:bd:12:eb:fb',NULL),('52877',NULL,'b0:65:bd:18:da:d7',NULL),('52878',NULL,'b0:65:bd:10:b0:e5',NULL),('52879',NULL,'b0:65:bd:29:3a:fe',NULL),('52880',NULL,'b0:65:bd:16:bf:1f',NULL),('52881',NULL,'b0:65:bd:27:94:1a',NULL),('52882','40:6c:8f:48:69:8b','80:49:71:15:86:77',NULL),('52883','40:6c:8f:48:67:57','80:49:71:16:94:01',NULL),('52884','40:6c:8f:48:73:77','80:49:71:16:94:4f',NULL),('52885','40:6c:8f:48:73:01','80:49:71:16:93:fd',NULL),('52886','40:6c:8f:48:6b:06','80:49:71:15:81:17',NULL),('52887','40:6c:8f:48:74:7c','80:49:71:15:c3:19',NULL),('52888','40:6c:8f:48:68:a4','80:49:71:15:84:7b',NULL),('52889','40:6c:8f:48:6a:11','80:49:71:15:84:77',NULL),('52890','40:6c:8f:48:76:12','80:49:71:15:c8:a9',NULL),('52891','40:6c:8f:48:69:76','80:49:71:15:ad:c9',NULL),('52892','40:6c:8f:48:65:c9','80:49:71:15:86:57',NULL),('52893','40:6c:8f:48:69:14','80:49:71:16:94:33',NULL),('52894','40:6c:8f:48:75:a3','80:49:71:15:86:2f',NULL),('52895','40:6c:8f:48:c2:d6','80:49:71:15:b0:63',NULL),('52896','40:6c:8f:48:80:ca','80:49:71:15:a3:1b',NULL),('52897','40:6c:8f:48:76:99','80:49:71:15:c9:25',NULL),('52898','40:6c:8f:48:76:fe','80:49:71:16:9f:61',NULL),('52899','40:6c:8f:48:69:c4','80:49:71:16:9e:39',NULL),('52900','40:6c:8f:48:67:96','80:49:71:16:9f:55',NULL),('52901','40:6c:8f:48:69:9c','80:49:71:15:86:33',NULL),('52902','40:6c:8f:48:69:af','80:49:71:16:94:05',NULL),('52905',NULL,'b0:65:bd:27:4b:df',NULL),('52906',NULL,'64:20:0c:f2:65:83',NULL),('52907',NULL,'b0:65:bd:2a:f7:de',NULL),('52908','00:0a:41:19:1e:40','88:53:95:28:14:5b',NULL),('52909','a8:20:66:2e:63:fc','88:53:95:28:16:89',NULL),('52910','a8:20:66:34:d1:1d','20:c9:d0:97:61:c5',NULL),('52911','a8:20:66:31:9b:24','88:53:95:28:3f:9d',NULL),('52912','a8:20:66:34:c8:99','20:c9:d0:98:02:b3',NULL),('52913','a8:20:66:32:09:7e','20:c9:d0:98:03:4f',NULL),('52914','a8:20:66:31:a2:33','88:53:95:28:16:e1',NULL),('52915','a8:20:66:31:f6:23','20:c9:d0:97:a7:09',NULL),('52916','a8:20:66:31:be:a7','20:c9:d0:97:85:8b',NULL),('52917','a8:20:66:31:ef:a0','88:53:95:28:12:bd',NULL),('52918','a8:20:66:31:a3:d5','88:53:95:28:16:ff',NULL),('52919','a8:20:66:34:c7:96','88:53:95:28:3a:5d',NULL),('52920','a8:20:66:34:c0:8d','88:53:95:28:0f:e1',NULL),('52921','a8:20:66:31:fa:75','88:53:95:28:14:25',NULL),('52922','a8:20:66:31:a0:d1','20:c9:d0:97:61:b9',NULL),('52923','a8:20:66:31:ef:b4','88:53:95:28:14:71',NULL),('52924','a8:20:66:2e:61:6c','88:53:95:28:0f:ab',NULL),('52925','a8:20:66:31:a2:f0','88:53:95:28:14:6f',NULL),('52926','a8:20:66:31:a3:8a','88:53:95:28:3b:bd',NULL),('52927','a8:20:66:34:c6:98','20:c9:d0:97:a8:e5',NULL),('52928','a8:20:66:34:d0:15','20:c9:d0:97:61:b1',NULL),('52929','a8:20:66:32:14:40','88:53:95:28:10:61',NULL),('52930','a8:20:66:1a:18:30','20:c9:d0:92:06:df',NULL),('52931','a8:20:66:12:13:cc','20:c9:d0:91:ac:13',NULL),('52932','a8:20:66:31:a4:50','20:c9:d0:97:61:c9',NULL),('52933','a8:20:66:34:c8:0e','88:53:95:28:36:ab',NULL),('52934',NULL,'84:38:35:47:ef:50',NULL),('52935',NULL,'00:00:0c:07:ac:79',NULL),('52936','00:0a:41:19:1e:40','ec:35:86:4e:4a:82',NULL),('52937','00:0a:41:19:1e:40','ec:35:86:4e:9a:16',NULL),('52938','18:67:b0:3c:14:77','c8:f7:33:cd:a5:b9',NULL),('52939','00:0a:41:19:1e:40','4c:8d:79:ef:09:1c',NULL),('52940','10:dd:b1:b8:16:6d','00:00:0c:07:ac:b0',NULL),('53230','b8:ca:3a:85:7a:77',NULL,NULL),('53231','b8:ca:3a:85:7c:f7',NULL,NULL),('53232','b8:ca:3a:85:7d:2e',NULL,NULL),('53233','b8:ca:3a:85:79:0f',NULL,NULL),('53234','b8:ca:3a:85:7d:26',NULL,NULL),('53235','b8:ca:3a:85:7d:35',NULL,NULL),('53236','b8:ca:3a:85:7c:86',NULL,NULL),('53237','b8:ca:3a:85:7d:4a',NULL,NULL),('53238','b8:ca:3a:85:7c:7b',NULL,NULL),('53239','b8:ca:3a:85:7d:1d',NULL,NULL),('53240','b8:ca:3a:7e:d1:a1',NULL,NULL),('53241','b8:ca:3a:85:7c:8d',NULL,NULL),('53297','e0:d8:55:d7:87:55','60:6c:66:60:91:31',NULL),('53373',NULL,'98:fe:94:61:e1:6a',NULL),('53374',NULL,'04:e5:36:28:c2:b0',NULL),('53375',NULL,'04:e5:36:29:1c:48',NULL),('53376',NULL,'04:e5:36:22:64:cf',NULL),('53377','10:dd:b1:bc:02:66','28:cf:e9:57:90:79',NULL),('53378','10:dd:b1:bb:e5:79','28:cf:e9:54:8f:1b',NULL),('53379','00:0a:41:19:1e:40','ec:35:86:3f:6b:e8',NULL),('53380','10:dd:b1:b7:00:b6','ec:35:86:3f:c5:90',NULL),('53381',NULL,'84:38:35:61:a0:5a',NULL),('53382','10:22:b1:2b:eb:96','ec:35:86:53:ad:28',NULL),('53383',NULL,'04:e5:36:41:74:95',NULL),('53425','10:DD:B1:9D:51:D8','8C:2D:AA:5A:40:01',NULL),('53426','10:DD:B1:CE:E7:49','EC:35:86:50:23:F8',NULL),('53427','a8:20:66:32:e0:d4','ec:35:86:42:1f:4c',NULL),('53428','00:02:41:19:1e:40','ec:35:86:45:97:32',NULL),('53429','00:0a:41:19:1e:40','ec:35:86:50:8a:00',NULL),('53430','00:0a:41:19:1e:40','ec:35:86:45:94:56',NULL),('53431','00:0a:41:19:1e:40','ec:35:86:49:e8:22',NULL),('53432',NULL,'00:00:0c:07:ac:79',NULL),('53438','00:0a:41:19:1e:40','ec:35:86:37:c7:34',NULL),('53439','10:dd:b1:be:f1:2f','ec:35:86:37:8c:0a',NULL),('53540','b8:ca:3a:ad:8a:15',NULL,NULL),('53541','b8:ca:3a:a2:99:48',NULL,NULL),('54293',NULL,'00:00:0c:9f:f0:e8',NULL),('54518','34:17:eb:99:a4:c6',NULL,NULL),('54519','34:17:eb:99:d6:3a',NULL,NULL),('54520','34:17:eb:9a:5e:9c',NULL,NULL),('54531','ec:f4:bb:2f:e8:2c','b8:ee:65:4c:b4:51',NULL),('54532','ec:f4:bb:2f:e2:02','b8:ee:65:4c:b4:53',NULL),('54533','ec:f4:bb:2f:e1:f8','b8:ee:65:4c:b2:d0',NULL),('54534','ec:f4:bb:2f:d8:54','b8:ee:65:4c:b2:ef',NULL),('54535','ec:f4:bb:2f:e8:24','b8:ee:65:4c:b2:d1',NULL),('54536','ec:f4:bb:2f:d5:d6','b8:ee:65:4c:b4:4a',NULL),('54537','ec:f4:bb:2f:e4:c6','b8:ee:65:4c:5a:4b',NULL),('54538','ec:f4:bb:2f:e0:62','b8:ee:65:4c:5a:44',NULL),('54606',NULL,'60:03:08:95:0B:C0',NULL),('54608','68:5B:35:B4:98:BF','60:03:08:EC:61:88',NULL),('54609',NULL,'54:AE:27:33:FF:42',NULL),('54611','68:5B:35:B6:B7:97','A8:86:DD:A7:C3:9F',NULL),('54612','68:5B:35:7F:06:A0','28:CF:E9:0D:82:8D',NULL),('54615','0C:4D:E9:A2:51:D7','3C:15:C2:EE:E6:3C',NULL),('62033','40:6C:8F:27:49:44','7C:C3:A1:AE:CA:11',NULL);
/*!40000 ALTER TABLE `eq_network` ENABLE KEYS */;
UNLOCK TABLES;

--
-- Table structure for table `eq_notes`
--

DROP TABLE IF EXISTS `eq_notes`;
/*!40101 SET @saved_cs_client     = @@character_set_client */;
/*!40101 SET character_set_client = utf8 */;
CREATE TABLE `eq_notes` (
  `notes` text NOT NULL,
  `tag_num` char(5) NOT NULL,
  PRIMARY KEY (`tag_num`),
  KEY `fk_notes_tag_num` (`tag_num`),
  CONSTRAINT `fk_notes_tag_num` FOREIGN KEY (`tag_num`) REFERENCES `equipment` (`tag_num`) ON DELETE CASCADE ON UPDATE NO ACTION
) ENGINE=InnoDB DEFAULT CHARSET=latin1;
/*!40101 SET character_set_client = @saved_cs_client */;

--
-- Dumping data for table `eq_notes`
--

LOCK TABLES `eq_notes` WRITE;
/*!40000 ALTER TABLE `eq_notes` DISABLE KEYS */;
INSERT INTO `eq_notes` VALUES ('sewing machine','11588'),('Bubba','14158'),('camera','14655'),('sewing machine','15074'),('008369','15086'),('VHS Player','18460'),('sewing machine','20037'),('keyboard','20149'),('Video Cassette Recorder','21062'),('TV','21602'),('synthesizer','22289'),('Video Cassette Recorder','22616'),('Video Cassette Recorder','22619'),('Marked UH60','23792'),('Laser disc player','24124'),('Laser disc player','24126'),('VHS','24347'),('Fax printer','24751'),('TV','25917'),('Color Laser Printer Ancient','27415'),('TV VHS','29126'),('ChromaPro 45','29127'),('raid storage ','30480'),('projector','30529'),('Photocopier','30629'),('air cleaner','30989'),('slide projector','31047'),('Student use','32035'),('sewing machine','33124'),('2442 4 Bus Mixing Console','33135'),('Digital audio recorder','33191'),('Network attached storage device TASNAP','33471'),('video imager','33551'),('organ','33912'),('Custom with Canopus audio output and Sony DV drive','33964'),('UPS','34009'),('laptop','34222'),('IP 139 182 62 15','34530'),('Library Pilot #3','34702'),('Bonneville','34731'),('thunderbolt','34732'),('video imager','34779'),('video imager','34828'),('Projector','34874'),('Projector','34930'),('Mini DV recorder','35056'),('meeting maker server','35063'),('Copier','35431'),('sewing machine','35833'),('does not boot','35960'),('time stamp','36009'),('54 2 printing error','36136'),('Brother Ptouch QL550','36143'),('not plugged in','36157'),('no admin account','36166'),('does not boot','36399'),('needs flat screen monitor','36413'),('copier','36963'),('139 182 60 168','37034'),('GX240 is a thin client','37434'),('Ta cd server','37866'),('Scene Shop','38305'),('1','38306'),('Mikrotek ScanMaker X12 USL','38310'),('4','38311'),('HP Deskjet 3845 ','38313'),('3','38318'),('HP Scanjet 4670','38323'),('HP Laserjet 1020','38324'),('no graphics card','38326'),('HP Scanjet 5400c','38330'),('Canon LiDE 60','38333'),('HP Scanjet 4070 Photosmart Scanner and Canon LiDE 70 Scanner','38341'),('Smart Label Printer 200','38346'),('CanoScan Lide70','38347'),('Needs flat screen monitor','38354'),('Smart Label Printer 240','38356'),('Needs flat screen monitor','38358'),('HP Deskjet D2360','38360'),('2','38391'),('Canon CanoScan LiDE 25','38396'),('Shares office with Phil Nist Epson Stylus C84','38398'),('UH05524','38485'),('Needs flat screen monitor','38666'),('HP ScanJet 5400C','38668'),('UH05520','39001'),('UH05517','39002'),('UH05502','39003'),('UH05503','39005'),('UH05509','39008'),('UH05516','39009'),('UH05501','39010'),('UH05515','39011'),('UH05519','39012'),('UH05521','39014'),('UH05518','39015'),('UH05525','39017'),('UH05526','39018'),('UH05512','39023'),('UH05522','39027'),('UH05513','39032'),('UH05506','39036'),('UH05523','39037'),('UH05514','39038'),('UH05511','39040'),('UH05504','39041'),('UH05507','39043'),('UH05505','39044'),('UH05508','39047'),('UH05510','39048'),('Canon CanoScan LiDE90','39145'),('Canon CanoScan LIDE 35','39159'),('Smart Label Printer 200','39166'),('Microtek ScanMaker X12USL','39167'),('Needs flat screen monitor HP ScanJet 5400c','39266'),('CS2 and HP ScanJet 5300C','39619'),('LCD Projector','40273'),('Projector with cart and VHS','40274'),('file server for art  vrc \neth2 000a9535cb77','40391'),('Xserve 2','40392'),('not active','40393'),('Xserve 1','40395'),('radmind images 000a9535cd45','40396'),('Attached via parallel to cadpa227','40558'),('17 Studio Display with no tag','40681'),('Dymo Labelwriter 330 Viewsonic 22inch lcd','40758'),('Dymo LabelWriter Turbo 330','40762'),('Epson Perfection 4990 Photo','40780'),('Epson Perfection 2480 Photo scanner','40817'),('Smart Label Printer 200','40840'),('music file server','40841'),('zoomtext Smart Label Printer 200','40842'),('Dymo LabelWriter 400','40845'),('super flash','41034'),('Needs flat screen monitor','41057'),('17 Studio Display with no tag','41070'),('DHCP for Microphone system','41088'),('projector','41124'),('Vectorworks license server 53 158','41144'),('Theatre Lab print and file server cadpa227','41284'),('slide scanner','41351'),('Editor station','42129'),('projector','42294'),('used with projector 42294','42295'),('Brother HL2040 Laser Printer','42428'),('PowerPC','42429'),('No admin account','42508'),('PowerPC','42520'),('Smart Label Printer 200 Canon CanoScan LiDE25','42528'),('HP Scanjet 4670 Smart Label Printer 220','42628'),('copier','42696'),('CanoScan LiDe60','42892'),('Dymo Labelwriter Twin Turbo','42895'),('1','43076'),('2','43077'),('3','43078'),('4','43079'),('5','43080'),('6','43261'),('7','43262'),('8','43263'),('9','43264'),('10','43265'),('11','43266'),('12','43267'),('13','43268'),('14','43269'),('15','43270'),('16','43271'),('17','43272'),('18','43273'),('19','43274'),('20','43275'),('21','43276'),('22','43277'),('23','43278'),('24','43279'),('25','43280'),('26','43281'),('PowerPC','43283'),('Brother Ptouch QL550','43348'),('Dymo LabelWriter 400 Turbo','43350'),('HP Color Laserjet 2605dn CNGC7198BC 0017088bd09d','43407'),('Brother QL550','43408'),('Camera 3','43787'),('Camera','43788'),('Camera 1','44016'),('loaner','44178'),('CD duplicator','44334'),('Fujitsu Scan Snap 9510','44344'),('property tag is missing','44747'),('2 x 22 Viewsonic Monitors','44758'),('139 182 60 6','44809'),('Fujitsu ScanSnap PDF Scanner','44881'),('Microtek ScanMaker 4800 2nd ethernet mac address 0017f20253eb','44887'),('Epson Perfection 2480 Photo','44888'),('Smart Label Printer 200 Viewsonic 22inch monitor','44892'),('KVM Switch','44931'),('Xtemplate 62 17','45028'),('Tagged Pa13306 36 and 23\" Cinema Display 2A6520RXUG0','45528'),('Dymo LabelWriter Turbo 330','45538'),('TV','45558'),('Smart Label Printer 200','45562'),('Local Matters TV Show','45604'),('copier','45705'),('No computer in office uses own laptop','45706'),('Jammed','45707'),('hooked up to PA133 10 40','45751'),('washing machine','45753'),('washing machine','45754'),('Sorenson VRS VP 200 139 182 162 160 ','45810'),('Camcorder','45814'),('6','45901'),('5','45902'),('1','45903'),('7','45904'),('8','45905'),('18','45906'),('12','45907'),('11','45908'),('15','45909'),('9','45910'),('10','45911'),('13','45912'),('14','45913'),('19','45961'),('20','45962'),('17','45963'),('Teacher console','45964'),('16','45965'),('21','45966'),('Student assistant\'s computer','45967'),('2','45969'),('3','45970'),('4','45971'),('24inch Dell Monitor','46057'),('22 SyncMaster 226BW Samsung monitor','46064'),('Smart Label Printer 240 CanoScan Lide 60','46080'),('Was marked as disposed but found in Dr Choi office\nWas reinstated by Charlene in Property Mgmt','46094'),('139 182 63 11','46101'),('Has an additional property tag 46376','46177'),('teacher console','46178'),('Mac Mini at home info NA','46321'),('HP Scanjet G4050','46360'),('Used to belong to Kevin Moffett','46366'),('Logitech web cam','46370'),('projector','46375'),('small form','46384'),('iMac PowerMac6 1','46389'),('Smart Label Printer 200','46405'),('firebird','46407'),('Tagged Pa13314 44 and 23 Cinema Display 2A6520RAUG0','46441'),('Tagged PA13313 43 and 23\" Cinema Display 2A6520QZUG0','46442'),('Tagged PA13305 35 and Dell standard display','46443'),('Tagged PA13307 37 and 23\" Cinema Display 2A6520R3UG0','46444'),('Tagged PA13308 38 and 23\" Cinema Display 2A6520RFUG0','46445'),('2nd eth 00:17:f2:06:14:77','46446'),('Tagged PA13309 39 and 23\" Cinema Display 2A6520RCUG0','46447'),('Tagged PA13315 45 and 23\" Cinema Display 2A6520QYUG0','46448'),('Tagged PA13316 46 and 23\" Cinema Display 2A6520QXUG0','46449'),('Tagged Pa13317 47 and has Dell standard monitor','46450'),('Tagged PA133 18 and 23\" Cinema Display ','46451'),('Tagged PA133 02 30 and 23\" Cinema Display 2A6520RWUG0','46453'),('Tagged PA13303 33 and 23\" Cinema Display 2A6520V5UG0','46454'),('Tagged PA13304 34 and 23\" Cinema Display 2A6520RBUG0','46455'),('number is torn off','46482'),('Tagged PA13311 41 and 23\" Cinema Display 2A6520QVUG0','46489'),('Tagged PA13312 42 and 23\" Cinema Display 2A6520RRUG0','46490'),('Canon CanoScan 4400F','46649'),('AOL','46650'),('Canon CanoScan ','47515'),('small form','47545'),('small form','47546'),('small form','47547'),('small form','47548'),('projector','48782'),('Gone to China with Rong','48961'),('twentyone and one half inch screen','49603'),('World Language Lab','49607'),('World Language Lab','49608'),('Purchased with CUP grant','49749'),('i7 23GHz 4GB 500HDD','51401'),('i7 23GHz 4GB 500 HDD','51402'),('i7 26GHz 8GB CTO','51404'),('i7 26GHz 8GB 750HDD','51405'),('i7 23GHz 4GB 500HDD','52045'),('i7 26GHz 8GB CTO','52046'),('i7 24GHz 4GB 750HDD','52047'),('i7 26GHz 8GB CTO','52048'),('i7 25GHz 4GB 500HDD','52049'),('i7 26GHz 8GB 750HDD','52051'),('i7 26GHz 8GB 750HDD','52053'),('i5 25GHz 4GB 500HDD','52055'),('21 Inch 25GHz 4GB 500HDD','52056'),('World Language Lab','52057'),('World Language Lab','52058'),('World Language Lab','52059'),('World Language Lab','52060'),('World Language Lab','52061'),('World Language Lab','52062'),('AppleCare Support Number 804049360258752','52068'),('Small form factor','52240'),('Small form factor','52625'),('Small form factor','52626'),('Small form factor','52627'),('Small form factor','52628'),('Cynthia returned iPad on 5-9-2014','52881'),('Communication studies','52882'),('Communication studies','52883'),('Communication studies','52884'),('Communication studies','52885'),('Communication studies','52886'),('Communication studies','52887'),('Communication studies','52888'),('Communication studies','52889'),('Communication studies','52890'),('Communication studies','52891'),('Communication studies','52892'),('Communication studies','52893'),('Communication studies','52894'),('Communication studies','52895'),('Communication studies','52896'),('Communication studies','52897'),('Communication studies','52898'),('Communication studies','52899'),('Communication studies','52900'),('Communication studies','52901'),('Communication studies','52902'),('0000034822','52910'),('po 0000034822','52911'),('po 0000034822','52912'),('po 0000034822','52913'),('po 0000034822','52914'),('po 0000034822','52915'),('po 0000034822','52916'),('po 0000034822','52917'),('po 0000034822','52918'),('po 0000034822','52919'),('po 0000034822','52920'),('po 0000034822','52921'),('po 0000034822','52922'),('po 0000034822','52923'),('po 0000034822','52924'),('po 0000034822','52925'),('po 0000034822','52926'),('po 0000034822','52927'),('po 0000034822','52928'),('po 0000034822','52929'),('po 0000034822','52930'),('po 0000034822','52931'),('po 0000034822','52932'),('po 0000034822','52933'),('Computer Lab','53232'),('Computer Lab','53234'),('Communications Office','53238'),('Student assistant\'s computer','53240'),('AppleCare: \nserial: 66QZR32068MFWVK\npurchased: 2014-05-31 ','54606'),('In PA 224','54609');
/*!40000 ALTER TABLE `eq_notes` ENABLE KEYS */;
UNLOCK TABLES;

--
-- Table structure for table `eq_printer`
--

DROP TABLE IF EXISTS `eq_printer`;
/*!40101 SET @saved_cs_client     = @@character_set_client */;
/*!40101 SET character_set_client = utf8 */;
CREATE TABLE `eq_printer` (
  `printer` varchar(45) NOT NULL,
  `tag_num` char(5) NOT NULL,
  PRIMARY KEY (`tag_num`),
  KEY `fk_printer_tag_num` (`tag_num`),
  CONSTRAINT `fk_printer_tag_num` FOREIGN KEY (`tag_num`) REFERENCES `equipment` (`tag_num`) ON DELETE CASCADE ON UPDATE NO ACTION
) ENGINE=InnoDB DEFAULT CHARSET=latin1;
/*!40101 SET character_set_client = @saved_cs_client */;

--
-- Dumping data for table `eq_printer`
--

LOCK TABLES `eq_printer` WRITE;
/*!40000 ALTER TABLE `eq_printer` DISABLE KEYS */;
INSERT INTO `eq_printer` VALUES ('HP Deskjet 3845','36405'),('HP Deskjet D2330','36413'),('HP Deskjet D4160','37434'),('HP Deskjet D2360','38305'),('HP Laserjet 4000N','38309'),('HP Deskjet 3940','38310'),('HP Laserjet 1200','38312'),('HP Laserjet P2015dn','38313'),('HP Deskjet 672C','38315'),('HP Deskjet 5550','38320'),('HP Laserjet 1200','38321'),('HP Deskjet 5740','38323'),('HP Deskjet 5550','38325'),('HP Deskjet 5150','38328'),('HP Deskjet D2330','38329'),('HP Deskjet D2330','38330'),('HP Deskjet D2360','38331'),('HP Deskjet 5150','38332'),('HP Laserjet 5L','38333'),('HP Deskjet D2360','38334'),('HP Deskjet 3847','38340'),('HP Deskjet 5440','38342'),('HP Deskjet 5440','38344'),('HP Deskjet 5440','38345'),('HP Deskjet 5440','38346'),('HP Deskjet D2330','38347'),('HP Deskjet 5440','38351'),('HP Deskjet 5150','38354'),('HP Deskjet 5440','38357'),('HP Deskjet  940c','38358'),('HP Deskjet 5440','38359'),('HP Deskjet 5440','38369'),('HP Deskjet 5440','38370'),('HP Deskjet 5440','38374'),('HP Laserjet 1200','38375'),('HP Deskjet D4260','38393'),('HP Deskjet 3847','38394'),('HP Deskjet 5440','38395'),('HP Deskjet 3845','38396'),('HP Deskjet 5940','38398'),('HP Deskjet 5440','38399'),('HP Deskjet D2330','38402'),('HP Deskjet 940c','38665'),('HP Deskjet 895Cse','38666'),('HP Deskjet 5550','38668'),('HP Deskjet D2330','39144'),('HP Deskjet D2330','39145'),('HP Deskjet 810c','39159'),('HP DeskJet 648C','39160'),('HP Deskjet 960c','39161'),('HP Deskjet D2330','39164'),('HP Deskjet 5440','39165'),('HP Deskjet D2330','39166'),('HP Deskjet 940c','39167'),('HP Deskjet 940c','39266'),('HP Deskjet D2330','39515'),('HP Laserjet P1005','39721'),('HP Deskjet 940c','40161'),('HP Deskjet 3845','40681'),('HP Deskjet 5150','40755'),('HP Deskjet 5650','40758'),('HP Deskjet 940c','40759'),('HP Deskjet 5550','40760'),('HP Deskjet D2530','40761'),('HP Deskjet 5550','40762'),('HP Deskjet 940c','40765'),('HP Deskjet 5550','40805'),('HP Deskjet 5150','40839'),('HP OfficeJet Pro L7689 ','40840'),('HP Deskjet 940c','40842'),('HP Deskjet 5150','40844'),('HP Deskjet 935C','40948'),('HP Deskjet 940c','41057'),('HP Deskjet 5550','41070'),('HP Deskjet 3847 Epson SC1100','41284'),('HP Deskjet 940c','42428'),('HP Deskjet 970Cse','42429'),('HP Deskjet 5740','42508'),('HP Deskjet 5440','42520'),('HP Deskjet 5550','42527'),('HP Deskjet 3845','42528'),('HP Deskjet 6840','42628'),('HP Deskjet 3845','42890'),('HP Deskjet D4260','42891'),('HP Deskjet 5550','42892'),('HP Deskjet 3845','42893'),('HP Deskjet 5440','42894'),('HP Laserjet 1000 series','42895'),('HP Deskjet 940c','43283'),('HP Deskjet 940c','43284'),('HP Deskjet D2330','43345'),('HP Deskjet D2360','43346'),('HP Laserjet 1200','43347'),('HP Officejet 5519','43348'),('HP Deskjet 3845','43349'),('HP Deskjet 3847','43350'),('HP Deskjet 960c','43351'),('HP Deskjet 970Cxi','43407'),('HP Deskjet 460','43408'),('HP Laserjet 6MP','44160'),('HP Deskjet 940c','44171'),('HP Deskjet 5740','44343'),('HP Deskjet 5740','44344'),('HP PCS 1315 all in one','44542'),('HP Deskjet 3845','44620'),('HP Deskjet D2330','44749'),('HP Laserjet 1020','44881'),('HP Deskjet 940c','44882'),('HP Deskjet 5550','44887'),('HP Color Laserjet 2550L','44888'),('HP Deskjet 3940','44889'),('HP Deskjet 3940','44890'),('HP Deskjet 940c','44892'),('HP Deskjet D2430','45148'),('HP Deskjet 3845','45538'),('HP Deskjet D2330','45562'),('HP Deskjet 960c','45603'),('HP Deskjet 4260','45718'),('HP DeskJet D2360','45805'),('HP Deskjet 3940','45808'),('HP deskjet 5650','45810'),('HP Deskjet 5550','45815'),('HP PSC 1610 All in One','46057'),('HP Deskjet D2330','46064'),('HP Deskjet D2330','46079'),('HP Deskjet 5440','46081'),('Epson Stylus C84','46082'),('HP Deskjet D2360','46083'),('HP Deskjet D2330','46084'),('HP Deskjet D2360','46085'),('HP Deskjet D2360','46086'),('HP Deskjet 6988','46089'),('HP Deskjet D2330','46093'),('HP Deskjet D4260','46188'),('HP Deskjet D4260','46360'),('HP Deskjet D4260','46369'),('HP Deskjet D4260','46370'),('HP Deskjet D4260','46371'),('HP Deskjet D4260','46372'),('HP Deskjet 3845','46383'),('HP Laserjet P1006','46385'),('HP Deskjet 5740','46389'),('Epson R280','46392'),('HP Deskjet 935C','46403'),('HP Deskjet 960c','46404'),('HP Deskjet D2360','46405'),('HP Deskjet D2330','46649'),('HP Deskjet 3845','46650'),('HP Deskjet 5550','47515'),('HP Deskjet D4260','47545'),('HP DeskJet 3845','48949'),('HP LaserJet 1200 series','49515'),('HP DeskJet 2660','49602');
/*!40000 ALTER TABLE `eq_printer` ENABLE KEYS */;
UNLOCK TABLES;

--
-- Table structure for table `equipment`
--

DROP TABLE IF EXISTS `equipment`;
/*!40101 SET @saved_cs_client     = @@character_set_client */;
/*!40101 SET character_set_client = utf8 */;
CREATE TABLE `equipment` (
  `tag_num` char(5) NOT NULL,
  `serial` varchar(45) NOT NULL,
  `make` varchar(45) NOT NULL,
  `model` varchar(45) NOT NULL,
  `department` varchar(45) NOT NULL,
  `location` varchar(3) NOT NULL,
  `building` varchar(45) DEFAULT NULL,
  `room_num` varchar(45) DEFAULT NULL,
  `purchase_id` int(11) NOT NULL,
  PRIMARY KEY (`tag_num`)
) ENGINE=InnoDB DEFAULT CHARSET=latin1;
/*!40101 SET character_set_client = @saved_cs_client */;

--
-- Dumping data for table `equipment`
--

LOCK TABLES `equipment` WRITE;
/*!40000 ALTER TABLE `equipment` DISABLE KEYS */;
INSERT INTO `equipment` VALUES ('10919','Unknown','Henri Selmer','Clarinet','Music','on','PA','129',5),('10946','Unknown','King','Horn','Music','on','PA','129',16),('10947','Unknown','King','Horn','Music','on','PA','129',16),('11560','Unknown','Moeck','Horn','Music','on','PA','129',16),('11587','Unknown','Signet','Clarinet','Music','on','PA','129',5),('11588','Unknown','Pfaff','138 6','Performing Arts','on','PA','134',17),('11817','Unknown','Herwiga Rex','Flute','Music','on','PA','129',5),('11818','Unknown','Moeck','Horn','Music','on','PA','129',16),('11819','Unknown','Moeck','Horn','Music','on','PA','129',16),('13093','Unknown','Kenwood','KA 3500','Music','on','PA','108',5),('13115','520925','Kenwood','KA 3500','Music','on','PA','131',16),('13387','Unknown','Moeck','Horn','Music','on','PA','129',16),('13388','Unknown','Moeck','Horn','Music','on','PA','129',16),('13389','Unknown','Moeck','Horn','Music','on','PA','129',16),('13991','Unknown','Moeck','Flute','Music','on','PA','129',16),('14158','Unknown','Unknown','Saxophone','Music','on','PA','129',5),('14320','Unknown','Benge','Horn','Music','on','PA','129',5),('14321','Unknown','Denon','LP player','Music','on','PA','108',5),('14655','Unknown','Nikon','FM 3022786','Visual Arts','on','VA','201',19),('14699','76261','Conn','Strobotuner','Music','on','PA','129',1),('15074','F0543744','Brother','MA4 B551','Performing Arts','on','PA','134',17),('15086','Unknown','Unknown','Trombone','Music','on','PA','129',5),('16170','A0106529','Music Man','HD150','Music','on','PA','129',5),('16171','19645','Music Man','115RH','Music','on','PA','129',5),('17496','5412625768','Onkyo','A 8017','Music','on','PA','124B',16),('17551','41204527','dbx','224X','Music','on','PA','129',5),('18460','K5SA40129','Panasonic','PV 1535','World Languages','on','UH','009',2),('18470','18630505','Otari','MX5050BQ','Music','on','PA','129',5),('18764','Unknown','Polaroid','Spectra System','Visual Arts','on','VA','201',6),('19704','18750408','Otari','MX5050','Music','on','PA','129',5),('20037','119736','Pfaff','138','Performing Arts','on','PA','134',17),('20046','0581751','Emax','1020','Music','on','PA','129',5),('20149','Unknown','Yamaha','KX88','Music','on','PA','130',16),('20343','Unknown','Yamaha','Saxophone','Music','on','PA','129',16),('21041','F945503802','Apple','Macintosh SE','Music','on','PA','129',3),('21062','15535','Sony','BVU 950','Communication','on','UH','25',4),('21166','18900180','Otari','MX 55','Music','on','PA','130',16),('21459','1742108','dbx','F 900 A','Music','on','PA','129',5),('21573','T00DC00021','Ampeg','SVT 350T','Music','on','PA','129',16),('21574','BB34102','Roland','JC 120','Music','on','PA','129',16),('21602','AS02280255','Panasonic','CT 2790VY','Music','on','PA','130',5),('22289','ZC43404','Roland','JD800','Music','on','PA','130',16),('22486','360148 931','Tascam','DA30','Music','on','PA','124B',16),('22616','A2TB00168','Panasonic','AG7350','Communication','on','UH','25',4),('22619','B2TC00509','Panasonic','AG7350','Communication','on','UH','25',4),('23792','9000AJD','3M','9080 Overhead Projec','Communication','on','UH','38',12),('24124','ME 3960734','Pioneer','LO V2200','World Languages','on','UH','007',13),('24126','NA 3966461','Pioneer','LO V2200','World Languages','on','UH','007',13),('24347','K4KD00024','Panasonic','AG 2530','World Languages','on','UH','007',12),('24751','4510882X','Sharp','UH 3200','English','on','UH','301.24',25),('25391','H19610','Mackie','24 8 Mixing Console','Music','on','PA','130',16),('25570','MZ019520200229','Marantz','PMD510 U','Music','on','PA','131',16),('25738','Unknown','Nakamichi','670ZX','Music','on','PA','131',26),('25742','OY01162','Yamaha','Rev 5 Digital Reverb','Music','on','PA','129',16),('25916','FC5313ED44K','Apple','Power Mac 7100','World Languages','on','UH','007',12),('25917','MY42210023','Quasar','SXT5135J','World Languages','on','UH','009',72),('27415','jgy02056','Canon','CLBP360','Performing Arts','on','PA','227',9),('28063','Unknown','Yamaha','Horn','Music','on','PA','129',16),('28495','USBB090686','HP','Laserjet 6MP','Music','on','PA','124',13),('28841','9307829','Kawai','Digital Piano PN60','Music','on','PA','133',37),('28842','9307818','Kawai','Digital Piano PN60','Music','on','PA','133',37),('28843','9307841','Kawai','Digital Piano PN60','Music','on','PA','133',37),('28844','9307816','Kawai','Digital Piano PN60','Music','on','PA','133',26),('28846','9307817','Kawai','Digital Piano PN60','Music','on','PA','133',37),('28847','9307824','Kawai','Digital Piano PN60','Music','on','PA','133',37),('28848','9306017','Kawai','Digital Piano PN60','Music','on','PA','133',52),('28849','Unknown','Kawai','Digital Piano PN60','Music','on','PA','133',16),('28850','9307840','Kawai','Digital Piano PN60','Music','on','PA','133',37),('29049','CA6510035','Panasonic','PT L291U','Philosophy','on','UH','52',7),('29116','USBB084589','HP','Laserjet 6MP','Visual Arts','on','VA','201',28),('29126','17AA20089','Panasonic','AG 520C','Visual Arts','on','VA','201',19),('29127','97 06 0209','Buyers Industries Inc','FO1 21450','Visual Arts','on','VA','201',19),('30480','SPE05 1371G8','Hammer','SLPRO4','Visual Arts','on','VA','201',8),('30529','804312361','Sharp','XG NV3XU','Visual Arts','on','VA','201',19),('30629','86218689','Sharp','SF7350','Performing Arts','on','PA','227',10),('3090','Unknown','Resonans','Violin','Music','on','PA','129',16),('30989','Unknown','Hartford 2000','AF 3','Visual Arts','on','VA','201',34),('31047','174400','Kodak','Ektagraphic III AMT','English','on','UH','301.40',14),('32034','D25HX0X3DHJT','Apple','iMac 21','Visual Arts','on','PA','201D',129),('32035','D25HX0WVDHJW','Apple','iMac 27','Visual Arts','on','VA','112',129),('32036','C02HK1QXDHJN','Apple','iMac 21','English','on','UH','053',129),('33124','34682674','Pfaff','Tipmatic 6122','Performing Arts','on','PA','134',17),('33135','t52493','Mackie','SR24 4','Communication','on','UH','25',24),('33191','2D6927622','Alesis','Adat Type II','Music','on','PA','130',16),('33329','8283','Gebrder Mnning','English Horn','Music','on','PA','129',16),('33337','XB92402U GT1 GT1','Apple','iMac G3','World Languages','on','UH','007',13),('33463','AG36174','Mackie','HR824','Music','on','PA','124',33),('33469','AG36748','Mackie','HR824','Music','on','PA','130',16),('33470','AG36749','Mackie','HR824','Music','on','PA','130',16),('33471','31794','Snap','Snap','Performing Arts','on','PA','227',17),('33525','SKPP021174UC','Pioneer','CLD V880','Music','on','PA','129',16),('33551','95Z00129','Panasonic','WE MV180A','Visual Arts','on','VA','201',19),('33597','8G1900XGHY','Apple','PowerMac G3','Music','on','PA','124',13),('33603','AK11748','Mackie','HI Human User Interf','Music','on','PA','129',31),('33912','1305e359912847','Johannus','Opus 30','Music','on','PA','131',16),('33961','UL300 35 99','Johannus','UL300','Music','on','PA','131',16),('34009','NB9916161746','APC','BK650M','English','on','UH','301.44',23),('34201','Y516K','Dell','Inspiron 7500','College','on','UH','47A',75),('34222','10370291U 1','Toshiba','PAP311U T2W8','College','on','UH','47',13),('34343','YM0124A2 J88 ff01','Apple','iMac G3','World Languages','on','UH','007',12),('34530','USGH014866','HP','Laserjet 8000N','World Languages','on','UH','007',21),('34702','9GNX00B','Dell','Optiplex GX110','World Languages','on','UH','008',13),('34705','66NX00B','Dell','Optiplex GX110','World Languages','on','UH','008',13),('34731','BRJT00B','Dell','PowerEdge 4400','College','on','UH','47',23),('34732','CRJT00B','Dell','PowerEdge 4400','College','on','UH','47',21),('34779','99ZZ0265','Panasonic','WE MV180A','Visual Arts','on','VA','201',19),('34828','96Z00189','Panasonic','WE MV180A','Visual Arts','on','VA','201',19),('34843','40E224886','Proxima','Desktop Projector 68','Music','on','PA','124',16),('34849','40F095155','Proxima','Desktop Projector 68','Music','on','PA','131',16),('34868','JCTV00B','Dell','PowerEdge 4400','College','on','UH','47',21),('34874','005317682','Sharp','XG NV5XB','English','on','UH','47',31),('34906','XBO262EKJ2S','Apple','Power Mac G4','College','on','UH','47A',23),('34930','808319889','Sharp','XGNV2U','Performing Arts','on','PA','227',10),('35056','1100987','Sony','DCR TRV900 NTSC','College','on','UH','47A',23),('35063','2SD5101','Dell','PowerEdge 2450','College','on','UH','47',23),('35115','XB0390DRJNX','Apple','PowerMac G4','Visual Arts','on','VA','201',28),('35116','XB0390DJJNX','Apple','PowerMac G4','Visual Arts','on','VA','201',28),('35431','38087','Ricoh','Aficio 220','Liberal Studies','on','CE','114F',15),('35601','33758','Ricoh','Aficio 220','Visual Arts','on','VA','105',19),('35659','JPNCB20392','HP','Color Laserjet 4550','World Languages','on','UH','314',13),('35724','41A253902','Proxima','Desktop Projector 68','Music','on','PA','131',16),('35833','34814221','Pfaff','Tipmatic 6122','Performing Arts','on','PA','134',17),('35899','XB10907NJ3B','Apple','Power Mac G4','College','on','UH','47A',12),('35933','XB10907FJ3B','Apple','PowerMac G4','Music','on','PA','124',13),('35934','XB1080KJJ3B','Apple','PowerMac G4','Music','on','PA','124',13),('35937','XB1080KRJ3B','Apple','PowerMac G4','Music','on','PA','124',13),('35945','XB10907EJ38','Apple','PowerMac G4','Music','on','PA','219',13),('35959','XB1090B1J3B','Apple','PowerMac G4','Music','on','PA','124',13),('35960','XB1090A5J3B','Apple','Power Mac G4','College','on','UH','47A',13),('36009','480696','TEK','ARL E','English','on','UH','335',13),('36013','41A263987','Proxima','Desktop Projector 68','Music','on','PA','131',16),('36136','JPNCC27410','HP','Color Laserjet 4550N','Visual Arts','on','VA','105',23),('36143','B199J01','Dell','GX115','Visual Arts','on','VA','105',13),('36157','XB11527XKXR','Apple','PowerMac G4','Music','on','PA','129',23),('36166','PCGR505TEK','Sony','VAIO PCG6122','English','on','UH','301.34',14),('36392','XB1270JX KXS ff06','Apple','Power Mac G4','Communication','on','UH','401.1',29),('36399','QT1260EQLBW','Apple','PowerBook G4','College','on','UH','47A',23),('36400','BMPRP01','Dell','GX150','College','on','UH','47A',21),('36402','3MPRP01','Dell','GX150','College','on','UH','47A',21),('36405','GMPRP01','Dell','GX150','English','on','UH','301.17',21),('36406','DMPRP01','Dell','GX150','Music','on','PA','124B',13),('36413','CB0ZP01','Dell','GX150','Performing Arts','on','PA','115',23),('36418','US 023JEEH 18820 164 8879','Dell','KVM Switch 0223EEH','College','on','UH','47',13),('36745','3WQVP01','Dell','Dimension 4100','Communication','on','UH','401.13',35),('36963','34035','Ricoh','Aficio 220','Communication','on','UH','20',13),('37034','JPPCH07881','HP','Color LaserJet 4550','Communication','on','UH','19',13),('37434','4SX2511','Dell','GX240','Communication','on','UH','401.15',23),('37492','JPC3018310','HP','Laserjet 5000GN','Visual Arts','on','VA','201',38),('37635','Unknown','Mackie','SRM450','Music','on','PA','131',16),('37636','Unknown','Mackie','SRM450','Music','on','PA','131',16),('37637','21CB87087','Mackie','SRM 450','Music','on','PA','129',26),('37866','0050c2120123','SuperCD','SuperCD','Performing Arts','on','PA','227',17),('37946','2010500601','Primera','CD Color Printer','Music','on','PA','131',16),('38305','6phzg11','Dell','GX240','Performing Arts','on','PA','143',23),('38306','2mhzg11','Dell','GX240','Performing Arts','on','PA','227',23),('38307','2LHZG11','Dell','GX240','Communication','on','UH','201.19',23),('38308','3NHZG11','Dell','GX240','Communication','on','UH','201.08',23),('38309','8LHZG11','Dell','GX240','Communication','on','UH','401.14',23),('38310','9NHZG11','Dell','GX240','Performing Arts','on','PA','216',23),('38311','9lhzg11','Dell','GX240','Performing Arts','on','PA','227',23),('38312','CNHZG11','Dell','GX240','English','on','UH','301.44',23),('38313','BNHZG11','Dell','GX240','Liberal Studies','on','CE','114',23),('38315','FLHZG11','Dell','GX240','Communication','','UH','201.10',23),('38316','4phzg11','Dell','GX240','Performing Arts','on','PA','227',23),('38317','1nhzg11','Dell','GX240','Performing Arts','on','PA','227',23),('38318','6nhzg11','Dell','GX240','Performing Arts','on','PA','227',23),('38319','JMHZG11','Dell','GX240','College','on','UH','47A',23),('38320','SPFZG11','Dell','GX240','Philosophy','on','UH','401.28',23),('38321','BPFZG11','Dell','GX240','Music','on','PA','124',23),('38322','3QFZG11','Dell','GX240','Music','on','PA','124',23),('38323','BQFZG11','Dell','GX240','Communication','on','UH','201.23',23),('38324','JSFZG11','Dell','GX240','Communication','on','UH','401.11',23),('38325','3TFZG11','Dell','GX240','Communication','on','UH','201.07',23),('38326','7TFZG11','Dell','GX240','College','on','UH','47A',23),('38327','9TFZG11','Dell','GX240','College','on','UH','47A',23),('38328','GPFZG11','Dell','GX240','World Languages','on','UH','401.25',23),('38329','2VFZG11','Dell','GX240','World Languages','on','UH','401.36',23),('38330','5ZFZG11','Dell','GX240','English','on','UH','301.40',23),('38331','DPFZG11','Dell','GX240','Communication','on','UH','201.19',23),('38332','FTFZG11','Dell','GX240','Communication','on','UH','201.08',23),('38333','JPFZG11','Dell','GX240','Performing Arts','on','PA','104',23),('38334','6PFZG11','Dell','GX240','Communication','on','UH','201.04',23),('38340','2JJ4H11','Dell','GX150','World Languages','on','UH','201.25',21),('38341','7LHZG11','Dell','GX240','Performing Arts','on','PA','100',23),('38342','2PHZG11','Dell','GX240','English','on','UH','301.48',23),('38343','DJGZG11','Dell','GX240','English','on','UH','401.07',23),('38344','1PHZG11','Dell','GX240','English','on','UH','301.27',23),('38345','5LHZG11','Dell','GX240','English','on','UH','301.47',23),('38346','HMHZG11','Dell','GX240','English','on','UH','335',23),('38347','HLHZG11','Dell','GX240','Performing Arts','on','PA','111',23),('38348','CLHZG11','Dell','GX240','English','on','UH','401.08',23),('38349','2NHZG11','Dell','GX240','College','on','UH','237',23),('38350','JLHZG11','Dell','GX240','English','on','UH','401.06',23),('38351','6LHZG11','Dell','GX240','English','on','UH','301.49',23),('38352','DKGZG11','Dell','GX240','English','on','UH','401.09',23),('38353','4QGZG11','Dell','GX240','English','on','UH','401.17',23),('38354','8JGZG11','Dell','GX240','Philosophy','on','UH','401.44',23),('38356','8KGZG11','Dell','GX240','World Languages','on','UH','314',23),('38357','CNGZG11','Dell','GX240','English','on','UH','301.30',23),('38358','6KGZG11','Dell','GX240','Philosophy','on','UH','401.47',23),('38359','2JGZG11','Dell','GX240','English','on','UH','301.09',23),('38360','GJGZG11','Dell','GX240','Communication','on','UH','401.12',23),('38367','7LGZG11','Dell','GX240','Communication','on','UH','201.01',23),('38369','BNGZG11','Dell','GX240','English','on','UH','301.11',23),('38370','FMGZG11','Dell','GX240','English','on','UH','401.05',23),('38371','6LGZ11','Dell','GX240','Performing Arts','on','PA','105',23),('38372','JKGZG11','Dell','GX240','College','on','UH','47A',23),('38373','4ngzg11','Dell','GX240','Performing Arts','on','PA','227',23),('38374','2LGZG11','Dell','GX240','English','on','UH','301.06',23),('38375','4MGZG11','Dell','GX240','Communication','on','UH','201.01',23),('38376','hlgzg11','Dell','GX240','Performing Arts','on','PA','227',23),('38389','4LGZG11','Dell','GX240','Communication','on','UH','201.07',23),('38390','6NGZG11','Dell','GX240','English','on','UH','401.16',23),('38391','bmgzg11','Dell','GX240','Performing Arts','on','PA','227',23),('38392','CNFZG11','Dell','GX240','Communication','on','UH','37',23),('38393','4NFZG11','Dell','GX240','Performing Arts','on','PA','118',23),('38394','FNFZG11','Dell','GX240','Communication','on','UH','201.04',23),('38395','4PFZG11','Dell','GX240','English','on','UH','301.10',23),('38396','JNFZG11','Dell','GX240','Liberal Studies','on','CE','114E',23),('38398','HHJ4H11','Dell','GX150','Philosophy','on','UH','401.32',13),('38399','BHJ4H11','Dell','GX150','World Languages','on','UH','201.25',21),('38402','1ZLMH11','Dell','GX240','English','on','UH','301.20',23),('38485','G82239GYLL7','Apple','eMac','English','on','UH','055',22),('38665','XB2280UW M1X ff11','Apple','Power Mac G4','Communication','on','UH','401.10',23),('38666','XB2280UV-M1X-ff11','Apple','PowerPC G4','Philosophy','on','UH','401.30',23),('38668','XB2280UUMIX','Apple','Power Mac G4','Philosophy','on','UH','340',23),('39001','G82235G0LL7','Apple','eMac','English','on','UH','055',22),('39002','G82235FPLL7','Apple','eMac','English','on','UH','055',22),('39003','G82235FBLL7','Apple','eMac','English','on','UH','055',22),('39004','G82235GELL7','Apple','eMac','College','on','UH','47A',23),('39005','G82235FULL7','Apple','eMac','English','on','UH','055',22),('39008','G82235F5LL7','Apple','eMac','English','on','UH','055',22),('39009','G82229ATLL7','Apple','eMac','English','on','UH','055',22),('39010','G82235FDLL7','Apple','eMac','English','on','UH','055',22),('39011','G82235GKLL7','Apple','eMac','English','on','UH','055',22),('39012','G82235G5LL7','Apple','eMac','English','on','UH','055',22),('39014','G82229A0LL7','Apple','eMac','English','on','UH','055',22),('39015','G82235FQLL7','Apple','eMac','English','on','UH','055',22),('39017','G8222944LL7','Apple','eMac','English','on','UH','055',22),('39018','G82235GVLL7','Apple','eMac','English','on','UH','055',22),('39023','G82235FNLL7','Apple','eMac','English','on','UH','055',22),('39027','G82235G1LL7','Apple','eMac','English','on','UH','055',22),('39032','G82235G8LL7','Apple','eMac','English','on','UH','055',22),('39036','G82235GGLL7','Apple','eMac','English','on','UH','055',22),('39037','G8223BGGLL7','Apple','eMac','English','on','UH','055',22),('39038','G8223BGNLL7','Apple','eMac','English','on','UH','055',22),('39040','G8223BGRLL7','Apple','eMac','English','on','UH','055',22),('39041','G8223BGJLL7','Apple','eMac','English','on','UH','055',22),('39043','G82239HALL7','Apple','eMac','English','on','UH','055',22),('39044','G82239H2LL7','Apple','eMac','English','on','UH','055',22),('39047','G8223BGQLL7','Apple','eMac','English','on','UH','055',22),('39048','G8223BGHLL7','Apple','eMac','English','on','UH','055',22),('39141','24W1P11','Dell','Latitude C840','College','on','UH','47A',13),('39143','J13CP11','Dell','GX240','College','on','UH','47A',23),('39144','D13CP11','Dell','GX240','Communication','on','UH','18',23),('39145','423CP11','Dell','GX240','Music','on','PA','119',23),('39146','J23CP11','Dell','GX240','Music','on','PA','119',23),('39157','7SQCP11','Dell','GX240','College','on','UH','47A',23),('39158','1SQCP11','Dell','GX240','Communication','on','UH','37',23),('39159','DQQCP11','Dell','GX240','English','on','UH','401.18',23),('39160','1RQCP11','Dell','GX240','Music','on','PA','203',23),('39161','8RQCP11','Dell','GX240','Philosophy','on','UH','401.29',23),('39163','GQQCP11','Dell','GX240','College','on','UH','47A',23),('39164','3SQCP11','Dell','GX240','Music','on','PA','215',23),('39165','CSQCP11','Dell','GX240','English','on','UH','301.25',23),('39166','JSQCP11','Dell','GX240','English','on','UH','301.38',23),('39167','GRQCP11','Dell','GX240','Performing Arts','on','PA','117',23),('39169','51ZBP11','Dell','GX240','College','on','UH','47A',23),('39266','8Z5SV21','Dell','GX260','Philosophy','on','UH','401.45',29),('39515','6YG7V21','Dell','GX260','World Languages','on','UH','201.40',29),('39619','1NSLZ21','Dell','GX240','Communication','on','UH','19',31),('39620','5M5LZ21','Dell','GX280','College','on','UH','47A',35),('39621','CM5LZ21','Dell','GX260','College','on','UH','47A',31),('39719','UV3160DENP4','Apple','PowerBook G4','College','on','UH','47A',21),('39721','40SHP21','Dell','GX260','Communication','on','UH','201.14',31),('39833','XB3240C0 N1W','Apple','Power Mac G4','English','on','UH','301.41',23),('39834','XB32408FN1W','Apple','Power Mac G4','Performing Arts','on','PA','107',20),('40158','N53142PRNNF','Apple','17\" Studio Display','Performing Arts','on','PA','107',13),('40159','N53142PSNNF','Apple','17\" Studio Display','English','on','UH','301.31',23),('40160','N53142PUNNF','Apple','17\" Studio Display','Philosophy','on','UH','401.42',21),('40161','XB32206F N1W','Apple','Power Mac G4','Philosophy','on','UH','401.42',23),('40163','XB3220BBN1W','Apple','Power Mac G4','Music','on','PA','111',23),('40254','UV3141WOMRTFF13','Apple','12\" Powerbook G4','World Languages','on','UH','08',29),('40273','808319756','Sharp','XG NV2U','College','on','UH','47A',9),('40274','808320089','Sharp','XGNV2U','College','on','PA','225',11),('40357','X13130T6NNF','Apple','17\" Studio Display','College','on','UH','47A',31),('40358','Y13130TENNF','Apple','17\" Studio Display','English','on','UH','301.41',23),('40391','QP33907RM98','Apple','Mac OS X Server','College','on','UH','47',31),('40392','QP3390B2NP2','Apple','Mac OS X Server','College','on','UH','47',29),('40393','QP339083NP2','Apple','Mac OS X Server','College','on','UH','47',29),('40394','QP3390B1NP2','Apple','Mac OS X Server','College','on','UH','47',29),('40395','QP3390BN4NP2','Apple','Mac OS X Server','College','on','UH','47',29),('40396','QP339080M98','Apple','Mac OS X Server','College','on','UH','47',31),('40497','XB34408RNVA','Apple','Mac Pro G5','College','on','UH','47A',31),('40558','sg0cu2200y','HP','DesignJet800PS','Performing Arts','on','PA','227',27),('40598','UV4080PPPG','Apple','iBook G4','Visual Arts','on','VA','201',34),('40606','G84103CJPP1','Apple','eMac','Visual Arts','on','VA','201',34),('40626','Unknown','Tascam','MU24 Meter unit','Music','on','PA','131',16),('40627','Unknown','Tascam','DM24','Music','on','PA','131',16),('40681','XB4150B6Q6P','Apple','Power Mac G4','World Languages','on','UH','201.41',23),('40755','2Z0PT41','Dell','GX270','English','on','UH','301.34',31),('40756','80RPT41','Dell','GX270','Music','on','PA','111',39),('40757','GZQPT41','Dell','GX270','College','on','UH','47A',31),('40758','6ZQPT41','Dell','GX270','English','on','UH','301.23',31),('40759','50RPT41','Dell','GX270','English','on','UH','301.15',31),('40760','CZQPT41','Dell','GX270','RAFFMA','on','VA','104C',35),('40761','C0RPT41','Dell','GX270','Performing Arts','on','PA','109',39),('40762','GYQPT41','Dell','GX270','Liberal Studies','on','CE','114',35),('40765','4ZQPT41','Dell','GX270','College','on','UH','237',31),('40780','YM420205RAG','Apple','Mac Prp','Visual Arts','on','VA','201',35),('40787','G7QL051','Dell','GX270','Communication','on','UH','37',31),('40788','B1QL051','Dell','GX270','Communication','on','UH','37',31),('40803','2A41624QNNF','Apple','17\" Studio Display','Philosophy','on','UH','401.48',35),('40805','G8422DCENV9','Apple','Mac Pro G5 PowerPC','Philosophy','on','UH','401.48',35),('40813','F7QL051','Dell','GX270','Communication','on','UH','37',31),('40814','28QL051','Dell','GX270','Communication','on','UH','37',31),('40815','J7QL051','Dell','GX270','Communication','on','UH','37',31),('40816','38QL051','Dell','GX270','Communication','on','UH','37',31),('40817','97QL051','Dell','GX270','Communication','on','UH','37',31),('40839','7LMM251','Dell','GX270','English','on','UH','301.16',31),('40840','CKMM251','Dell','GX270','Philosophy','on','UH','339',39),('40841','1LMM251','Dell','GX270','Music','on','PA','124',35),('40842','5LMM251','Dell','GX270','Liberal Studies','on','CE','114',35),('40844','8LMM251','Dell','GX270','English','on','UH','301.28',31),('40845','3LMM251','Dell','GX270','Performing Arts','on','PA','111',39),('40948','G8437NKMQPL','Apple','Mac Pro','Music','on','PA','211',52),('41034','WS0011005794','APC','Smart UPS 3000','College','on','UH','47',23),('41041','JPAKD06135','HP','Color LaserJet 4600','Philosophy','on','UH','339',39),('41057','BZ5SV21','Dell','GX270','Philosophy','on','UH','401.31',31),('41070','XB23602H MRN FF11','Apple','Power Mac G4','English','on','UH','301.05',23),('41088','FD7KZ21','Dell','Optiplex GX260','Performing Arts','on','PA','144A',29),('41118','JPAKG05992','HP','Color Laserjet 4600','Liberal Studies','on','CE','114',36),('41123','1723123','Fellowes','Powershred 480','College','on','UH','213',31),('41124','305314031','Sharp','PG M20S','College','on','UH','237',35),('41144','XA121042K59','Apple','Power Mac G4 Cube','College','on','UH','47',13),('41191','NA','Yamaha','Trombone','Music','on','PA','129',33),('41220','CNDX403272','HP','Laserjet 4200','Music','on','PA','133',37),('41284','v133117227012','Vision','Server','Performing Arts','on','PA','227',35),('41351','212550','Nikon','LS 5000 ED','Visual Arts','on','VA','201',38),('41352','200907','Nikon','SF 210','Visual Arts','on','VA','201',46),('41944','C02LRLRHFD57','Apple','MacBook Pro 15 Retin','Music','off','PA','209',152),('41952','cpwm31x5dty3','Apple','MacBook Pro 13 inch','Music','off','PA','209',157),('42039','C02HRAC0DV33','Apple','MacBook Pro 15','Philosophy','on','UH','401.46',130),('42129','J9JYP71','Dell','GX280','Communication','on','UH','37',35),('42294','412321844','Sharp','Notevision PG A20X','RAFFMA','on','VA','104C',45),('42295','1CXWQ61','Dell','Latitude D600','RAFFMA','on','VA','104C',55),('42428','W850501APNY','Apple','17\" iMac','World Languages','on','UH','201.48',56),('42429','W8505018PNY','Apple','17\" iMac','World Languages','on','UH','201.46',39),('42508','92D3771','Dell','Optiplex 170L','English','on','UH','301.13',35),('42520','YM5151LQRHS','Apple','Mac Mini','English','on','UH','301.46',39),('42527','B0BV871','Dell','GX280','Performing Arts','on','PA','114',23),('42528','70BV871','Dell','GX280','Liberal Studies','on','CE','114B',39),('42628','B5K5871','Dell','GX280','English','on','UH','301.33',35),('42679','FXRR771','Dell','Latitude 110L','English','on','UH','318',49),('42696','1815','Sharp','AR BC260','Music','on','PA','111',26),('42890','BDJYP71','Dell','GX280','World Languages','on','UH','201.47',35),('42891','1FJYP71','Dell','GX280','English','on','UH','301.07',35),('42892','HDJYP71','Dell','GX280','College','on','UH','237',39),('42893','4DJYP71','Dell','GX280','Music','on','PA','207',39),('42894','FDJYP71','Dell','GX280','English','on','UH','301.02',35),('42895','2FJYP71','Dell','GX280','World Languages','on','UH','314',39),('43076','8TYVN71','Dell','GX280','English','on','UH','47',35),('43077','GTYVN71','Dell','GX280','English','on','UH','47',35),('43078','9WYVN71','Dell','GX280','English','on','UH','47',35),('43079','GVYVN71','Dell','GX280','English','on','UH','47',35),('43080','2TYVN71','Dell','GX280','English','on','UH','47',35),('43261','4tYVN71','Dell','GX280','English','on','UH','47',35),('43262','2VYVN71','Dell','GX280','English','on','UH','47',35),('43263','FVYVN71','Dell','GX280','English','on','UH','47',35),('43264','HVYVN71','Dell','GX280','English','on','UH','47',35),('43265','GVYVN71','Dell','GX280','English','on','UH','47',35),('43266','4VYVN71','Dell','GX280','English','on','UH','47',35),('43267','3VYNV71','Dell','GX280','English','on','UH','47',35),('43268','HTYVN71','Dell','GX280','English','on','UH','47',35),('43269','5TYVN71','Dell','GX280','English','on','UH','47',35),('43270','8VYNV71','Dell','GX280','English','on','UH','47',35),('43271','7TYVN71','Dell','GX280','English','on','UH','47',35),('43272','DVYVN71','Dell','GX280','English','on','UH','47',35),('43273','9TYVN71','Dell','GX280','English','on','UH','47',35),('43274','5WYVN71','Dell','GX280','English','on','UH','47',35),('43275','3TYVN71','Dell','GX280','English','on','UH','47',35),('43276','2WYVN71','Dell','GX280','English','on','UH','47',35),('43277','DTYVN71','Dell','GX280','English','on','UH','47',35),('43278','BVYVN71','Dell','GX280','English','','UH','47',35),('43279','BTYVN71','Dell','GX280','English','on','UH','47',35),('43280','FTYVN71','Dell','GX280','English','on','UH','47',35),('43281','9VYVN71','Dell','GX280','English','on','UH','47',39),('43283','YM5209L6RHU','Apple','Mac Mini','Communication','on','UH','201.24',49),('43284','YM5209LSRHU','Apple','Mac Mini PowerPC','English','on','UH','301.12',35),('43345','YM5209LARHU','Apple','Mac Mini','Music','on','PA','213',23),('43346','YM5209MKRHU','Apple','Mac Mini','Communication','on','UH','201.05',35),('43347','1WYVN71','Dell','GX280','Communication','on','UH','201.13',39),('43348','3WYVYN71','Dell','GX270','Visual Arts','on','VA','105',39),('43349','JTYVN71','Dell','GX280','Communication','on','UH','201.22',35),('43350','BWYVN71','Dell','GX280','College','on','UH','201.28',35),('43351','7WYVN71','Dell','GX280','World Languages','on','UH','201.44',35),('43352','4WYVN71','Dell','GX280','English','on','UH','301.27',39),('43407','28230B1','Dell','Optiplex GX620','RAFFMA','on','VA','105',49),('43408','38230B1','Dell','Optiplex GX620','RAFFMA','on','VA','105',49),('43409','CNGKK92395','HP','LaserJet 2430n','Philosophy','on','UH','52',54),('43787','104536','Sony','Power HAD EX','Communication','on','UH','25',32),('43788','104528','Sony','Power HAD EX','Communication','on','UH','25',32),('43829','CNGCH05863','HP','Color Laserjet 3600','English','on','UH','334',51),('44016','104525','Sony','Power HAD EX','Communication','on','UH','25',32),('44124','G85403NESCH','Apple','eMac','Music','on','PA','123',31),('44125','G85402TESCH','Apple','eMac','Music','on','PA','124B',13),('44127','G85403M4SCH','Apple','eMac','Music','on','PA','133',33),('44128','G85403LHSCH','Apple','eMac','Visual Arts','on','VA','201',34),('44129','G85403MESCH','Apple','eMac','Visual Arts','on','VA','201',34),('44131','G85403PESCH','Apple','eMac','Visual Arts','on','VA','201',34),('44134','G85403M1SCH','Apple','eMac','Visual Arts','on','VA','201',23),('44135','G85403P6SCH','Apple','eMac','Visual Arts','on','VA','201',34),('44160','QP6190BPV4Q','Apple','20\" iMac','Visual Arts','on','VA','201',39),('44166','W862027AVWY','Apple','15\" Macbook Pro','Visual Arts','on','VA','201',66),('44169','C380','Fellowes','Powershred','English','on','UH','318',41),('44171','QP62105EV4Q','Apple','20\" iMac','Music','on','PA','108',37),('44172','GJXE061872','Epson','Stylus Photo R1800','Music','on','PA','100',42),('44178','BDX7Y91','Dell','Latitude D810','College','on','UH','237',39),('44209','W8607031U2P','Apple','20\" iMac','Music','on','PA','100',42),('44292','DBF32B1','Dell','Latitude D810','Communication','on','UH','19',40),('44334','5344','WTS','70 WTS952','Music','on','PA','124',42),('44343','14YM2B1','Dell','Optiplex GX620','Communication','on','UH','201.09',49),('44344','43YM281','Dell','Optiplex GX620','Communication','on','UH','201.17',49),('44401','W86211RDVWY','Apple','MacBook Pro','Philosophy','off','UH','340',47),('44542','89GHWB1','Dell','Latitude X1','Performing Arts','off','PA','106',39),('44578','W86350RGVWZ','Apple','MacBook Pro 15 216Gh','Visual Arts','off','VA','219',60),('44579','18T3T91','Dell','Optiplex GX620','Communication','on','UH','38',39),('44580','FCT3T91','Dell','Optiplex GX620','Communication','on','UH','38',39),('44607','69T3T91','Dell','Optiplex GX620','Communication','on','UH','38',39),('44608','79T3T91','Dell','Optiplex GX620','Communication','on','UH','38',39),('44609','5BT3T91','Dell','Optiplex GX620','Communication','on','UH','38',39),('44610','B9T3T91','Dell','Optiplex GX620','Communication','on','UH','38',39),('44611','6TF5T91','Dell','Optiplex GX620','Communication','on','UH','38',39),('44612','F8T3T91','Dell','Optiplex GX620','Communication','on','UH','38',39),('44613','1BT3T91','Dell','Optiplex GX620','Communication','on','UH','38',39),('44614','B8T3T91','Dell','Optiplex GX620','Communication','on','UH','38',39),('44615','9BT3T91','Dell','Optiplex GX620','Communication','on','UH','38',39),('44616','D7T3T91','Dell','Optiplex GX620','Communication','on','UH','38',39),('44617','HSF5T91','Dell','Optiplex GX620','Communication','on','UH','38',39),('44618','1TF5T91','Dell','Optiplex GX620','Communication','on','UH','38',39),('44620','W861705RU2P','Apple','20\" iMac','College','on','UH','217',39),('44713','H9T3T91','Dell','Optiplex GX620','Communication','on','UH','38',39),('44714','3TF5T91','Dell','Optiplex GX620','Communication','on','UH','38',39),('44715','H8T3T91','Dell','Optiplex GX620','Communication','on','UH','38',39),('44716','C8T3T91','Dell','Optiplex GX620','Communication','on','UH','38',39),('44717','J8T3T91','Dell','Optiplex GX620','Communication','on','UH','38',39),('44718','78T3T91','Dell','Optiplex GX620','Communication','on','UH','38',39),('44719','2TF5T91','Dell','Optiplex GX620','Communication','on','UH','38',39),('44720','29T3T91','Dell','Optiplex GX620','Communication','on','UH','38',39),('44721','C7T3T91','Dell','Optiplex GX620','College','on','UH','38',39),('44722','98T3T91','Dell','Optiplex GX620','Communication','on','UH','38',39),('44723','HCT3T91','Dell','Optiplex GX620','College','on','UH','38',39),('44724','CCT3T91','Dell','Optiplex GX620','Communication','on','UH','38',39),('44737','5TF5T91','Dell','Optiplex GX620','Communication','on','UH','38',39),('44738','1CT3T91','Dell','Optiplex GX620','Communication','on','UH','38',39),('44739','5CT3T91','Dell','Optiplex GX620','Communication','on','UH','38',39),('44740','38T3T91','Dell','Optiplex GX620','Communication','on','UH','38',39),('44741','6CT3T91','Dell','Optiplex GX620','Communication','on','UH','38',39),('44742','JBT3T91','Dell','Optiplex GX620','Communication','on','UH','38',39),('44743','G7T3T91','Dell','Optiplex GX620','Communication','on','UH','38',39),('44744','HBT3T91','Dell','Optiplex GX620','Communication','on','UH','38',39),('44745','48T3T91','Dell','Optiplex GX620','College','on','UH','38',39),('44746','9CT3T91','Dell','Optiplex GX620','Communication','on','UH','38',39),('44747','39T3T91','Dell','Optiplex GX620','Communication','on','UH','38',39),('44748','J7T3T91','Dell','Optiplex GX620','Communication','on','UH','38',39),('44749','QP6340NVU2S','Apple','20\" iMac','College','on','UH','219',39),('44758','D3CBRB1','Dell','Optiplex GX620','English','on','UH','334',49),('44809','JPGR000442','HP','Color Laserjet 5500','College','on','UH','237',35),('44810','010416385','Sharp','PG M10S','Visual Arts','on','VA','201',46),('44881','7CT3T91','Dell','Optiplex GX620','Communication','','UH','201.12',49),('44882','W86361RPVUY','Apple','17\" iMac','English','on','UH','301.42',49),('44884','W86330FZTHY','Apple','17\" Macbook Pro','Performing Arts','off','PA','121',49),('44885','2A6292Z8UFZ','Apple','20\" Cinema Display','Performing Arts','on','PA','121',49),('44887','G86353HSUQ2','Apple','Mac Pro G5','Philosophy','on','UH','401.46',39),('44888','D9T3T91','Dell','Optiplex GX620','College','on','UH','214',49),('44889','G9T3T91','Dell','Optiplex GX620','World Languages','on','UH','201.45',49),('44890','JSF5T91','Dell','Optiplex GX620','World Languages','on','UH','201.37',49),('44891','2BT3T91','Dell','Optiplex GX620','College','on','UH','47A',49),('44892','FBT3T91','Dell','Optiplex GX620','English','on','UH','334',62),('44931','CDD0M91','Dell','PowerEdge 2161DS 2','College','on','UH','47',39),('45028','FF5905C1','Dell','PowerEdge 860','College','on','UH','47',39),('45148','QP70617AVUW','Apple','20\" iMac','Performing Arts','on','PA','100',53),('45269','JK95KC1','Dell','Latitude D620','RAFFMA','off','VA','103',70),('45528','G870314MUPZ','Apple','Mac Pro','Music','on','PA','133',49),('45531','PS320','Fellowes','Powershred 320','Visual Arts','on','VA','105',34),('45538','68T3T91','Dell','Optiplex GX620','Liberal Studies','on','CE','114D',49),('45553','FZ71TB1','Dell','PowerEdge 2950','College','on','UH','47',39),('45554','GZ71TB1','Dell','PowerEdge 2950','College','on','UH','47',39),('45555','CZ71TB1','Dell','PowerEdge 2950','College','on','UH','47',39),('45556','DZ71TB1','Dell','PowerEdge 2950','College','on','UH','47',39),('45557','HZ71TB1','Dell','PowerEdge 2950','College','on','UH','47',39),('45558','8543387','Sony','KDF E50A10','World Languages','on','UH','007',39),('45562','CH8VRC1','Dell','Optiplex GX620','Philosophy','on','UH','339',49),('45600','Q0358600449','Ricoh','Aficio AP410','Communication','on','UH','38',40),('45603','8TF5T91','Dell','Optiplex GX620','World Languages','on','UH','201.43',49),('45604','2A6512H4UG0','Apple','23\" Cinema Display','Communication','on','UH','39',40),('45643','CNGC6492BJ','HP','Color LaserJet 2600n','College','on','UH','216',49),('45657','G870312TUPZ','Apple','Mac Pro','Communication','on','UH','39',40),('45685','Q1840500605','Ricoh','Aficio CL2000','Communication','on','UH','38',40),('45686','JPGC6590LZ','HP','Color LaserJet 2600n','Philosophy','on','UH','401.26',44),('45693','JPBKB15818','HP','Color Laserjet 4600','Music','on','PA','111',30),('45694','W86321SGVWY','Apple','MacBook Pro','Music','on','PA','113',48),('45705','231103382','Konica Minolta','Bizhub C352','College','on','UH','213',39),('45706','2A61215GUG0','Apple','23\" Cinema Display','Philosophy','on','UH','401.26',44),('45707','C380','Fellowes','Powershred','Philosophy','on','UH','401.49',18),('45708','N52231UMKPW','Apple','17\" Studio Display','Philosophy','on','UH','401.27',35),('45709','W87111N5WH5','Apple','iMac','Philosophy','on','UH','52',49),('45710','W87111N0WH5','Apple','iMac','Philosophy','on','UH','52',49),('45711','W871134JWH5','Apple','iMac','Philosophy','on','UH','52',49),('45712','W871133FWH5','Apple','iMac','Philosophy','on','UH','52',49),('45713','W87111NCWH5','Apple','iMac','Philosophy','on','UH','52',49),('45714','W87112ZWWH5','Apple','iMac','Philosophy','on','UH','52',49),('45715','W871121JWH5','Apple','iMac','Philosophy','on','UH','52',49),('45716','W87113CVWH5','Apple','iMac','Philosophy','on','UH','52',49),('45717','G87153ZGUQ2','Apple','Mac Pro','Music','on','PA','130',42),('45718','W8623513VWW','Apple','15\" MacBook Pro','English','off','UH','301.36',49),('45720','2A71503YXMM','Apple','20\" Cinema Display','College','off','UH','47A',49),('45751','2A6520QUUG0','Apple','23\" Cinema Display','Music','on','PA','133',49),('45753','Unknown','Whirlpool','Cabrio','Performing Arts','on','PA','134',17),('45754','Unknown','Whirlpool','Cabrio agi','Performing Arts','on','PA','134',65),('45805','7BT3T91','Dell','GX620','Music','on','PA','209',49),('45808','W87065SYVUV','Apple','20\" iMac','World Languages','on','UH','201.42',56),('45809','W8707280VGN','Apple','24\" iMac','World Languages','on','UH','008',49),('45810','W870766AVUV','Apple','20\" iMac','Communication','on','UH','401.40',49),('45812','2A7174TRXMM','Apple','20\" Cinema Display','World Languages','on','UH','201.41',59),('45813','PCG 7112L','Sony','VAIO','English','off','UH','334',64),('45814','652513205883','Canon','HV20 A Kit','Communication','off','UH','201.15',63),('45815','G88152VYXYK','Apple','Mac Pro','Performing Arts','on','PA','103',53),('45816','2A8121KYXMN','Apple','23\" Cinema Display','Performing Arts','on','PA','103',53),('45901','3LJBSC1','Dell','Optiplex 745','World Languages','on','UH','007',49),('45902','JJJBSC1','Dell','Optiplex 745','World Languages','on','UH','007',49),('45903','HKJBSC1','Dell','Optiplex 745','World Languages','on','UH','007',49),('45904','CLJBSC1','Dell','Optiplex 745','World Languages','on','UH','007',49),('45905','DLJBSC1','Dell','Optiplex 745','World Languages','on','UH','007',49),('45906','8LJBSC1','Dell','Optiplex 745','World Languages','on','UH','007',49),('45907','1KJBSC1','Dell','Optiplex 745','World Languages','on','UH','007',49),('45908','6LJBSC1','Dell','Optiplex 745','World Languages','on','UH','007',49),('45909','7KJBSC1','Dell','Optiplex 745','World Languages','on','UH','007',49),('45910','6KJBSC1','Dell','Optiplex 745','World Languages','on','UH','007',49),('45911','JKJBSC1','Dell','Optiplex 745','World Languages','on','UH','007',49),('45912','FKJBSC1','Dell','Optiplex 745','World Languages','on','UH','007',49),('45913','BLJBSC1','Dell','Optiplex 745','World Languages','on','UH','007',49),('45961','HJJBSC1','Dell','Optiplex 745','World Languages','on','UH','007',49),('45962','CKJBSC1','Dell','Optiplex 745','World Languages','on','UH','007',49),('45963','5KJBSC1','Dell','Optiplex 745','World Languages','on','UH','007',49),('45964','9KJBSC1','Dell','Optiplex 745','World Languages','on','UH','007',49),('45965','GKJBSC1','Dell','Optiplex 745','World Languages','on','UH','007',49),('45966','3KJBSC1','Dell','Optiplex 745','World Languages','on','UH','007',49),('45967','10009381681','Dell','Optiplex 745','World Languages','on','UH','007',49),('45969','4KJBSC1','Dell','Optiplex 745','World Languages','on','UH','007',49),('45970','7LJBSC1','Dell','Optiplex 745','World Languages','on','UH','007',49),('45971','1LJBSC1','Dell','Optiplex 745','World Languages','on','UH','007',49),('45972','5LJBSC1','Dell','Optiplex 745','World Languages','on','UH','007',49),('46017','CNCC71J075','HP','Laserjet M4345 MFP','World Languages','on','UH','314',49),('46057','5ZW5ZC1','Dell','Optiplex 745','Philosophy','on','UH','401.43',49),('46064','6PDWZC1','Dell','Optiplex 745','College','on','UH','301.08',62),('46079','75PKZC1','Dell','Optiplex 745','World Languages','on','UH','201.33',49),('46080','J5PKZC1','Dell','Optiplex 745','World Languages','on','UH','314',56),('46081','F5PKZC1','Dell','Optiplex 745','World Languages','on','UH','201.34',49),('46082','85PKZC1','Dell','Optiplex 745','World Languages','on','UH','401.39',49),('46083','D4PKZC1','Dell','Optiplex 745','World Languages','on','UH','401.35',49),('46084','25PKZC1','Dell','Optiplex 745','World Languages','on','UH','201.31',49),('46085','65PKZC1','Dell','Optiplex 745','World Languages','on','UH','201.35',49),('46086','64PKZC1','Dell','Optiplex 745','World Languages','on','UH','401.34',49),('46088','PP28L','Dell','XPS M1530','Communication','off','UH','201.12',62),('46089','YM75113VYL2','Apple','Mac Mini','English','on','UH','301.31',51),('46090','W88197450P1','Apple','Macbook','Visual Arts','off','VA','105B',38),('46091','3SJQ9G1','Dell','Optiplex 755','English','on','UH','334',62),('46092','8SJQ9G1','Dell','Optiplex 755','English','on','UH','301.32',62),('46093','503KZC1','Dell','Latitude D620-dispos','World Languages','off','UH','201.39',62),('46094','CN0KX350129617595567','Dell','Latitude D620','World Languages','on','UH','007',57),('46101','CNBXC08522','HP','LaserJet 5200n','Communication','on','UH','37',50),('46177','EMP28A902','Epson','PowerLite 6100i','Communication','on','UH','38',49),('46178','2N7D1D1','Dell','Optiplex 745','Communication','on','UH','38',39),('46179','697d1d1','Dell','Optiplex 745','Communication','on','UH','34',58),('46188','7CQQPD1','Dell','Latitude D630','Music','off','PA','217',39),('46321','W872414BXAH','Apple','15\" Macbook Pro','Philosophy','off','VA','228',39),('46357','W873702UX94','Apple','MacBook Pro 17','Visual Arts','off','VA','218',61),('46359','W87341C6X92','Apple','MacBook Pro 15','Visual Arts','off','VA','206',61),('46360','W873802WZCT','Apple','20\" iMac','World Languages','on','UH','201.30',49),('46366','W87381P8X92','Apple','15\" Macbook Pro','College','on','UH','47A',49),('46367','W87381P8X92','Apple','MacBook Pro 15','Visual Arts','off','VA','203',61),('46369','4LG9RD1','Dell','Optiplex 745','English','on','UH','301.14',49),('46370','5LG9RD1','Dell','Optiplex 745','World Languages','on','UH','201.36',49),('46371','3LG9RD1','Dell','Optiplex 745','English','on','UH','301.29',62),('46372','1LG9RD1','Dell','Optiplex 745','English','on','UH','301.45',49),('46373','2LG9RD1','Dell','Optiplex 745','College','on','UH','216',49),('46375','EMP28BB31','Epson','PowerLite 6100i','College','on','UH','212',49),('46380','w8739akyx92','Apple','15\" Macbook Pro','English','off','UH','301.35',76),('46383','FRXP9G1','Dell','Optiplex GX755','College','on','UH','201.27',49),('46384','DRXP9G1','Dell','Optiplex 755','English','on','UH','301.19',62),('46385','W88214J9YJX','Apple','15\" MacBook Pro','Communication','off','UH','201.20',62),('46386','G88200LNXYL','Apple','Mac Pro G5','College','on','UH','47A',67),('46387','3KBLDG1','Dell','Latitude D630','Communication','off','UH','201.18',63),('46388','2A5494DGUG0','Apple','23\" Cinema Display','English','on','UH','301.22',51),('46389','QT3084CHNHX','Apple','iMac','Communication','on','UH','201.16',39),('46390','68253819W','Toshiba','Satelite P305','Music','on','PA','111',74),('46391','W88371KBYJY','Apple','15\" MacBook Pro','Communication','off','UH','201.23',73),('46392','W89130VC8Q1','Apple','15\" MacBook Pro','Visual Arts','off','VA','215',77),('46393','W880712MWRQ','Apple','17\" iMac','Philosophy','on','UH','52',49),('46394','W880712KWRQ','Apple','17\" iMac','Philosophy','on','UH','52',49),('46395','W880712LWRQ','Apple','17\" iMac','Philosophy','on','UH','52',49),('46396','W880712XWRQ','Apple','17\" iMac','Philosophy','on','UH','52',71),('46397','W8807129WRQ','Apple','17\" iMac','Philosophy','on','UH','52',49),('46398','W8807127WRQ','Apple','17\" iMac','Philosophy','on','UH','52',49),('46399','W880712HWRQ','Apple','17\" iMac','Philosophy','on','UH','52',49),('46400','W880712FWRQ','Apple','17\" iMac','Philosophy','on','UH','52',49),('46401','2A7155WFMN','Apple','23\" Cinema Display','Performing Arts','on','PA','114',43),('46402','Unknown','Digidesign','3 Rack','Music','on','PA','130',42),('46403','G8620776U39','Apple','Mac Mini','Philosophy','on','UH','401.27',44),('46404','QP812158X88','Apple','20\" iMac','English','on','UH','301.03',64),('46405','MXL92201X2','HP','dc7900','English','on','UH','301.26',78),('46406','W89095BP1G0','Apple','15\" Macbook Pro','English','off','UH','301.04',79),('46407','XS0018005346','APC','Smart UPS 3000','College','on','UH','47',13),('46408','MXL92201X4','HP','dc7900','College','on','UH','47A',75),('46409','MXL92201X3','HP','dc7900','College','on','UH','47A',75),('46410','w80093cx7xj','Apple','MacBook Pro','Philosophy','off','UH','401.26',82),('46411','W8008GF15PC','Apple','iMac','Visual Arts','on','VA','201',82),('46412','w8008ht15pc','Apple','iMac','Philosophy','on','UH','Philos',82),('46413','W8008HSY5PC','Apple','iMac','Visual Arts','on','VA','201',82),('46414','w8008hqc5pc','Apple','iMac','Visual Arts','on','VA','201',82),('46415','W8008HQ65PC','Apple','iMac','Visual Arts','on','VA','201',82),('46416','w8008gg85pc','Apple','iMac','Visual Arts','on','VA','201',82),('46423','Unknown','Weril','Trumpet','Music','on','PA','129',42),('46424','Unknown','Weril','Horn','Music','on','PA','129',26),('46441','G870310NUPZ','Apple','Mac Pro','Music','on','PA','133',49),('46442','G870312BUPZ','Apple','Mac Pro','Music','on','PA','133',49),('46443','G870310PUPZ','Apple','Mac Pro','Music','on','PA','133',49),('46444','G870311CUPZ','Apple','Mac Pro','Music','on','PA','133',49),('46445','G870314RUPZ','Apple','Mac Pro','Music','on','PA','133',49),('46446','G870315AUPZ','Apple','Mac Pro','Music','on','PA','133',49),('46447','G8703167UPZ','Apple','Mac Pro','Music','on','PA','133',49),('46448','G870314TUPZ','Apple','Mac Pro','Music','on','PA','133',49),('46449','G8703110UPZ','Apple','Mac Pro','Music','on','PA','133',49),('46450','G870310YUPZ','Apple','Mac Pro','Music','on','PA','133',49),('46451','G870316BUPZ','Apple','Mac Pro','Music','on','PA','133',49),('46453','G870315ZUPZ','Apple','Mac Pro','Music','on','PA','133',49),('46454','G870310QUPZ','Apple','Mac Pro','Music','on','PA','133',49),('46455','G870314PUPZ','Apple','Mac Pro','Music','on','PA','133',49),('46482','Unknown','Weril','Horn','Music','on','PA','129',26),('46485','25Z4QD1','Dell','Latitude D630','English','off','UH','301.39',62),('46489','G870311UUPZ','Apple','Mac Pro','Music','on','PA','133',49),('46490','G870310VUPZ','Apple','Mac Pro','Music','on','PA','133',49),('46649','7W3W2F1','Dell','Optiplex 745','English','on','UH','301.04',64),('46650','BW3W2F1','Dell','Optiplex 745','English','on','UH','301.18',51),('47372','Unknown','Euphonix','Digital Control Stud','Music','on','PA','130',33),('47373','KX02633','Yamaha','MG16 6FX','Music','on','PA','131',33),('47394','c02kf04vdrv9','Apple','MacBook Air','Music','off','PA','217',138),('47423','CNBC82G0T0','HP','Laserjet CP3505','Visual Arts','on','VA','201',66),('47515','G874439E08S','Apple','Mac Pro','English','on','UH','301.22',51),('47545','4N3CCG1','Dell','Optiplex 755','English','on','UH','301.10',62),('47546','9N3CCG1','Dell','Optiplex 755','English','on','UH','301.43',62),('47547','7N3CCG1','Dell','Optiplex 755','Communication','on','UH','37',62),('47548','6N3CCG1','Dell','Optiplex 755','Communication','on','UH','37',62),('47702','4HFKFG1','Dell','Latitude D630','Music','off','PA','207',69),('47773','90TWLG1','Dell','XPS 420','Communication','on','UH','401.13',68),('48782','LSFF940674L','Epson','H295A','Visual Arts','on','VA','201',66),('48949','W89363GV642','Apple','MacBook Pro','World Languages','off','UH','314',83),('48961','275237363047737','Sony','Vaio PCG71312L','English','off','UH','334',86),('48963','W80240LRF5X','Apple','MacBook','Music','on','PA','111',87),('48964','B6R6RM1','Dell','Latitude E6510','RAFFMA','on','VA','103',88),('48971','W80330KHGST','Apple','MacBook','Music','off','PA','213',89),('48972','6f7bj91','Dell','Latitude 110l','College','off','UH','237',49),('48973','cbu3521247','lenovo','Lenovo','College','off','UH','237',93),('48979','DMQHNBQNDJ8T','Apple','iPad 3','Philosophy','on','UH','339',134),('48980','C02GY2X1DHJQ','Apple','iMac 27','Visual Arts','on','VA','205',136),('48981','DMPHQLHXDJ8T','Apple','iPad 16GB WiFi','College','on','UH','314',134),('48982','DMPHQKL7DJ8T','Apple','iPad 16GB WiFi','College','on','UH','201.28',134),('48983','DYTJ621GDJ8T','Apple','iPad 16GB WiFi','College','on','UH','301.36',134),('48984','DMPHWJMUDJ8T','Apple','iPad 16GB WiFi','English','on','UH','334',134),('49515','W891255Q71A','Apple','MacBook Pro','Music','on','PA','122',81),('49601','CCLQ4L1','Dell','Inspiron mini 10','Performing Arts','on','PA','117',80),('49602','W8008HQA5PC','Apple','iMac','Performing Arts','on','PA','107',82),('49603','W8015MUY5PC','Apple','iMac','Visual Arts','on','VA','201',85),('49604','C02DF1XRDC7C','Apple','MacBook Pro','Visual Arts','off','VA','207',90),('49605','13613734477','Dell','Inspiron 15','RAFFMA','on','VA','103',122),('49606','534048450690561','Apple','MacBook Pro 15','English','off','UH','301.39',123),('49607','C17FKHPWDHJF','Apple','iMac','World Languages','on','UH','009',102),('49608','C17FKHYRDHJF','Apple','iMac','World Languages','on','UH','009',102),('49749','JBG10M1','Dell','Inspiron 11z','Performing Arts','on','PA','104',84),('49948','M99F9X1000L','Epson','Powerlite 1716','Performing Arts','on','PA','104',84),('50170','BCEMNN1','Dell','Optiplex 980','World Languages','on','UH','314',91),('50276','C02FR0K1DF92','Apple','MacBook Pro 17','Visual Arts','off','VA','219',97),('50277','C02FR1CEDH2M','Apple','MacBook Pro 13','Visual Arts','off','VA','210',97),('50331','73CF0P1','Dell','LATITUDE E6510','World Languages','off','UH','201.39',92),('50589','9N7G1Q1','Dell','Latitude E4310','RAFFMA','off','VA','105A',94),('50592','50592','HP','ProBook 6560b','RAFFMA','on','VA','105',95),('50630','2UA1210K5J','HP','Z210','RAFFMA','on','VA','105A',96),('50631','2UA1210K5H','HP','Z210','RAFFMA','on','VA','105',96),('50801','2ua1211x9q','HP','Z210 CMT Work Statio','Music','on','PA','207',115),('50804','2ua1211x9s','HP','Z210','Communication','on','UH','201.12',109),('50806','2ua1211x9a','HP','Z210','Communication','on','UH','201.13',111),('50827','cnu1234754','HP','ProBook 6460b','Liberal Studies','off','CE','114E',98),('50833','2ua1240wvg','HP','Z210','RAFFMA','on','VA','105',99),('51287','2UA12606KS','HP','Z210 CMT Workstation','Philosophy','on','UH','UH401.',101),('51348','4cz1252fhk','HP','BookPro','World Languages','off','UH','201.40',108),('51349','4cz1252fhg','HP','ProBook 6560b','World Languages','off','UH','401.43',105),('51394','W89130VC8Q1','Apple','MacBook Pro 15','Visual Arts','on','VA','105',77),('51395','NEGF160227L','Epson','EX5200 Projector','Visual Arts','on','VA','213',106),('51396','hggv93ub700021z','Samsung','SF411','English','off','UH','334',116),('51397','d25gk05qdhjt','Apple','iMac','Communication','on','UH','037',118),('51398','C02FJ3DYDF8X','Apple','MacBook Pro 15','Communication','off','UH','201.21',117),('51399','d25fp03vdhjp','Apple','iMac','College','on','UH','219',119),('51400','C02HP253DV35','Apple','MacBook Pro 15','Communication','off','UH','201.23',129),('51401','C02HX3UADV33','Apple','MacBook Pro 15','English','off','UH','301.42',129),('51402','C02HL7XQDV33','Apple','MacBook Pro 15','English','off','UH','301.42',129),('51403','C02HL7XZDV33','Apple','MacBook Pro 15','Music','off','PA','214',129),('51404','C02HX0VWF1G4','Apple','MacBook Pro 15','Visual Arts','off','VA','209',129),('51405','C02HP25KDV35','Apple','MacBook Pro 15','Performing Arts','off','PA','121',129),('51406','C02HX14CF1G3','Apple','MacBook Pro 15','College','on','UH','47',129),('51420','c02fjb3xdf8v','Apple','MacBook Pro','Communication','off','UH','201.15',103),('51421','c02fxmqjdh2g','Apple','MacBook Pro','Philosophy','off','UH','401.45',104),('51422','c02fk2rmdh2h','Apple','MacBook Pro','Philosophy','off','UH','401.43',104),('51423','c02fxmjndh2g','Apple','MacBook Pro','Communication','off','UH','201.09',103),('51424','c02fxmrqdh2g','Apple','MacBook Pro','Philosophy','off','UH','401.27',104),('51425','451263CHF5X','Apple','MacBook','World Languages','off','UH','007',100),('51426','DLXFKJDEDFHY','Apple','iPad','Music','off','PA','209',110),('51427','CO2FX19EDHJF','Apple','iMac','Music','on','PA','209',110),('51428','c17fp1n5dhjf','Apple','iMac','Communication','on','UH','201.20',112),('51429','c02fxmu5dh2g','Apple','Mac BookPro','Philosophy','off','VA','228',113),('51430','c02fx3v1df91','Apple','MacBook Pro','Visual Arts','off','VA','213',114),('51786','CNU2061QW3','HP','ProBook 4530S','English','off','UH','301.39',120),('51959','J5QGMS1','Dell','Optiplex 990','Visual Arts','on','VA','231',125),('51961','9XF3NS1','Dell','Optiplex 990','Liberal Studies','on','CE','114',124),('51962','9XF6NS1','Dell','Optiplex 990','Liberal Studies','on','CE','114',124),('51963','9XF4NS1','Dell','Optiplex 990','World Languages','on','UH','007A',124),('51964','9XF5NS1','Dell','Optiplex 990','English','on','UH','301.49',124),('52031','DYTHNAREDJ8T','Apple','iPad 16GB','College','on','UH','237',135),('52032','DMPHPKQ4DJ8T','Apple','iPad 16GB','College','off','UH','047A',135),('52045','C02HL7WUDV33','Apple','MacBook Pro 15','College','off','UH','216',129),('52046','C02HX06VF1G4','Apple','MacBook Pro 15','Visual Arts','off','VA','211',129),('52047','C02HN0R8DV11','Apple','MacBook Pro 17','Communication','off','UH','017',129),('52048','C02HX0Z6F1G4','Apple','MacBook Pro 15','Visual Arts','off','VA','105B',129),('52049','C1MHWPPMDTY3','Apple','MacBook Pro 13','Visual Arts','off','VA','201D',129),('52050','C02HR4H1DV35','Apple','MacBook Pro 15','Performing Arts','off','PA','142A',129),('52051','C02HR5GLDV35','Apple','MacBook Pro 15','World Languages','on','UH','7',129),('52053','C02J26HBDV35','Apple','MacBook Pro 15','Philosophy','off','UH','401.26',129),('52055','C02HG22JDHJF','Apple','iMac 21','Music','on','PA','108',129),('52056','C02HG24UDHJF','Apple','iMac','Music','on','PA','145',129),('52057','C17FKDETDHJF','Apple','iMac','World Languages','on','UH','009',102),('52058','C17FM0GNDHJF','Apple','iMac','World Languages','on','UH','009',102),('52059','C17FKJ9GDHJF','Apple','iMac','World Languages','on','UH','009',102),('52060','C02FL2UZDHJF','Apple','iMac','World Languages','on','UH','009',102),('52061','C17FN1X0DHJF','Apple','iMac','World Languages','on','UH','009',102),('52062','C17FKL75DHJF','Apple','iMac','World Languages','on','UH','009',102),('52064','C02H412NDV10','Apple','MacBook Pro 17','College','on','UH','047A',121),('52065','CSQ4NS1','Dell','Optiplex 990','Performing Arts','on','PA','144A',126),('52066','DMPHJLPDDVD2','Apple','iPad3 32GB WiFi','College','on','UH','237',127),('52067','DMPHJKSFDVD2','Apple','iPad3 32GB WiFi','College','on','UH','237',127),('52068','C02HGDD7DV7L','Apple','MacBook Pro 15','Music','on','PA','211',128),('52069','C17FKHWNDHJF','Apple','iMac 21inch','English','on','UH','301.19',107),('52240','67J4GX1','Dell','Optiplex 9010','Philosophy','on','UH','339',139),('52426','JB6V4V1','Dell','Optiplex 990','RAFFMA','on','VA','105',131),('52429','8CCY4V1','Dell','Optiplex 990','World Languages','on','UH','007',131),('52431','8CD45V1','Dell','Optiplex 990','English','on','UH','301.23',131),('52432','8CD05V1','Dell','Optiplex 990','Music','on','PA','203',131),('52433','8CD15V1','Dell','Optiplex 990','Music','on','PA','119',132),('52625','DK77GX1','Dell','Optiplex 9010','College','on','UH','237',139),('52626','DK76GX1','Dell','Optiplex 9010','College','on','UH','237',139),('52627','DK75GX1','Dell','Optiplex 9010','College','on','UH','237',139),('52628','DK68GX1','Dell','Optiplex 9010','College','on','UH','237',139),('52876','DMRHV2E4DJ8T','Apple','iPad 16GB WiFi','Visual Arts','on','VA','105',134),('52877','DMPHWQDDJ8T','Apple','iPad 16GB WiFi','Communication','on','UH','018',134),('52878','DMPHWQBCDJ8T','Apple','iPad 16GB WiFi','Liberal Studies','on','CE','114',134),('52879','DMRHV7AADJ8T','Apple','iPad 16GB WiFi','Music','on','PA','111',134),('52880','DMPHVYH9DJ8T','Apple','iPad 16GB WiFi','Performing Arts','on','PA','111',134),('52881','DMPHWJSXDJ8T','Apple','iPad 16GB WiFi','World Languages','on','UH','314',134),('52882','C07HX0HFDJD3','Apple','Mac Mini','Communication','on','UH','043',133),('52883','C07HX0H1DJD3','Apple','Mac Mini','Communication','on','UH','043',133),('52884','C07HX0GYDJD3','Apple','Mac Mini','Communication','on','UH','43',133),('52885','C07HX0HADJD3','Apple','Mac Mini','Communication','on','UH','043',133),('52886','C07HX0HKDJD3','Apple','Mac Mini','Communication','on','UH','043',133),('52887','C07HX0DPDJD3','Apple','Mac Mini','Communication','on','UH','043',133),('52888','C07HX0HHDJD3','Apple','Mac Mini','Communication','on','UH','043',133),('52889','C07HX0HLDJD3','Apple','Mac Mini','Communication','on','UH','043',133),('52890','C07HX0FQDJD3','Apple','Mac Mini','Communication','on','UH','043',133),('52891','C07HX0HJDJD3','Apple','Mac Mini','Communication','on','UH','043',133),('52892','C07HX0HRDJD3','Apple','Mac Mini','Communication','on','UH','043',133),('52893','C07HX0H0DJD3','Apple','Mac Mini','Communication','on','UH','043',133),('52894','C07HX0HNDJD3','Apple','Mac Mini','Communication','on','UH','043',133),('52895','C07HX0FFDJD3','Apple','Mac Mini','Communication','on','UH','043',133),('52896','C07HX04ZDJD3','Apple','Mac Mini','Communication','on','UH','043',133),('52897','C07HX0DNDJD3','Apple','Mac Mini','Communication','on','UH','043',133),('52898','C07HX0HBDJD3','Apple','Mac Mini','Communication','on','UH','043',133),('52899','C07HX0GXDJD3','Apple','Mac Mini','Communication','on','UH','043',133),('52900','C07HX0H2DJD3','Apple','Mac Mini','Communication','on','UH','043',133),('52901','C07HX0HMDJD3','Apple','Mac Mini','Communication','on','UH','043',133),('52902','C07HX0GBDJD3','Apple','Mac Mini','Communication','on','UH','043',133),('52905','DMPHWJRJDJ8T','Apple','iPad 16GB WiFi','College','on','UH','203',134),('52906','DMRHV7BUDJ8T','Apple','iPad 16GB WiFi','Music','on','PA','124',134),('52907','iPad 16GB WiFi','Apple','iPad 16GB WiFi','Visual Arts','on','VA','215',134),('52908','C07JM5G8DWYL','Apple','Mac Mini','English','on','UH','54',137),('52909','C07M5FVDWYL','Apple','Mac Mini','English','on','UH','54',137),('52910','C70JM5HYDWYL','Apple','Mac Mini','English','on','UH','54',137),('52911','C70JM5Q4DWYL','Apple','Mac Mini','English','on','UH','54',137),('52912','C07JM5JLDWYL','Apple','Mac Mini','English','on','UH','54',137),('52913','C07JM4PSDWYL','Apple','Mac Mini','English','on','UH','54',137),('52914','C07JM5GCDWYL','Apple','Mac Mini','English','on','UH','54',137),('52915','C07JM5HCDWYL','Apple','Mac Mini','English','on','UH','54',137),('52916','C07JM4J5DWYL','Apple','Mac Mini','English','on','UH','54',137),('52917','C07JM5HEDWYL','Apple','Mac Mini','English','on','UH','54',137),('52918','C07JM5H5DWYL','Apple','Mac Mini','English','on','UH','54',137),('52919','C07JM5LNDWYL','Apple','Mac Mini','English','on','UH','54',137),('52920','C07JM3URDWYL','Apple','Mac Mini','English','on','UH','54',137),('52921','C07JM5GXDWYL','Apple','Mac Mini','English','on','UH','54',137),('52922','C07JM5HQDWYL','Apple','Mac Mini','English','on','UH','54',137),('52923','C07JM5GNDWYL','Apple','Mac Mini','English','on','UH','54',137),('52924','C07JM5GGDWYL','Apple','Mac Mini','English','on','UH','54',137),('52925','C07JM5GYDWYL','Apple','Mac Mini','English','on','UH','54',137),('52926','C07JM5DLDWYL','Apple','Mac Mini','English','on','UH','54',137),('52927','C07JM5REDWYL','Apple','Mac Mini','English','on','UH','54',137),('52928','C07JM5JGDWYL','Apple','Mac Mini','English','on','UH','54',137),('52929','C07JM4MADWYL','Apple','Mac Mini','English','on','UH','54',137),('52930','C07JD23YDWYL','Apple','Mac Mini','English','on','UH','54',137),('52931','C07JCC71DWYL','Apple','Mac Mini','English','on','UH','54',137),('52932','C07JM4J7DWYL','Apple','Mac Mini','English','on','UH','54',137),('52933','C07JM5MXDWYL','Apple','Mac Mini','English','on','UH','54',137),('52934','C17KTXQRF5N7','Apple','MacBook Air 11inch','Liberal Studies','off','CE','114E',143),('52935','C02JF9M2DRVC','Apple','MacBook Air 13inch','Liberal Studies','off','CE','114',143),('52936','C02KP0TRDNCV','Apple','iMac 27inch','Liberal Studies','on','CE','114E',143),('52937','C02KP18RDNCV','Apple','iMac 27inch','Liberal Studies','on','CE','114',143),('52938','HU7R916D00024','Samsung','Ultrabook 900X4C','Visual Arts','off','VA','214',148),('52939','C02KC7DUDV33','Apple','MacBook Pro 15inch','Communication','off','UH','201.16',144),('52940','C02KC7EZDV33','Apple','MacBook Pro 15inch','English','off','UH','301.45',144),('53230','BCB4GX1','Dell','Optiplex 9010','Communication','on','UH','201.14',139),('53231','BC94GX1','Dell','Optiplex 9010','English','on','UH','301.21',139),('53232','BCC2GX1','Dell','Optiplex 9010','English','on','UH','055',139),('53233','BCB3GX1','Dell','Optiplex 9010','Communication','on','UH','018',139),('53234','BCC3GX1','Dell','Optiplex 9010','English','on','UH','055',139),('53235','BCD2GX1','Dell','Optiplex 9010','English','on','UH','301.02',139),('53236','BC92GX1','Dell','Optiplex','English','on','UH','301.12',139),('53237','BCB2GX1','Dell','Optiplex 9010','English','on','UH','301.15',139),('53238','BC93GX1','Dell','Optiplex 9010','Communication','on','UH','019',139),('53239','BCC4GX1','Dell','Optiplex 9010','English','on','UH','301.28',139),('53240','67J4GX1','Dell','OptiPlex9010','Philosophy','on','UH','339',139),('53241','BCF2GX1','Dell','Optiplex 9010','English','on','UH','301.14',139),('53297','8R3PDW1','Dell','Inspiron 5521','English','off','UH','301.44',139),('53373','DLXJG0SKF184','Apple','iPad 64 GB','Philosophy','off','UH','401.26',143),('53374','DMPKQMJGF183','Apple','iPad 32 GB','Philosophy','off','UH','401.43',143),('53375','DMPKQRKRF183','Apple','iPad 32 GB','Philosophy','off','UH','401.46',143),('53376','DMPKQ5A9F183','Apple','iPad 32 GB','Philosophy','off','VA','228',143),('53377','C02KG4YHDV33','Apple','MacBook Pro 15inch','College','off','UH','237',142),('53378','C02KFB3MDV33','Apple','MacBook Pro 15inch','RAFFMA','off','VA','105',141),('53379','C17KG6MQDNCR','Apple','iMac 21inch','Communication','on','UH','201.24',143),('53380','C17KG8HEDNCR','Apple','iMac 21inch','Philosophy','on','UH','340',143),('53381','C02L43N6F6T6','Apple','MacBook Air 13inch','College','off','UH','237',145),('53382','D25L40LNDNMP','Apple','iMac 27inch','College','on','UH','237',145),('53383','DMPKTOUMFCYG','Apple','iPad 128 GB','College','off','UH','237',146),('53425','C02K5836DNCV','Apple','iMac 27inch','Performing Arts','on','PA','227',0),('53426','C02KP1D4DNCV','Apple','iMac 27inch','Performing Arts','on','PA','227',0),('53427','C02KH96WDNCV','Apple','iMac 27inch','Performing Arts','on','PA','227',140),('53428','C02KH976DNCV','Apple','iMac 27inch','Performing Arts','on','PA','227',140),('53429','C02KP1KSDNCV','Apple','iMac 27inch','Performing Arts','on','PA','227',140),('53430','C02KH959DNCV','Apple','iMac 27inch','Performing Arts','on','PA','227',140),('53431','C02KN2BUDNCV','Apple','iMac 27inch','Performing Arts','on','PA','227',140),('53432','C02LD4L7FFT0','Apple','MacBook Pro','English','on','UH','301.35',148),('53438','C02KF4HNDNCT','Apple','iMac 21inch','College','on','PA','207',149),('53439','C02KF43TDNCT','Apple','iMac 21inch','English','on','UH','301.20',147),('53540','9Q51BY1','Dell','Optiplex 9010','World Languages','on','UH','201.29',150),('53541','9Q5Z9Y1','Dell','Optiplex 9010','World Languages','on','UH','201.47',150),('54085','DMPM12BYFK12','Apple','iPad Air 64GB','Communication','off','UH','201.17',151),('54293','C02LF2RCFD56','Apple','MacBook Pro','Communication','off','UH','401.10',153),('54518','5GMTL02','Dell','Optiplex 9020','English','on','UH','301.10',155),('54519','5GMQL02','Dell','OptiPlex 9020','English','on','UH','303',155),('54520','5GNNL02','Dell','Optiplex 9020','English','on','UH','301.43',155),('54531','5j1syz1','Dell','Latitude e5440','World Languages','off','UH','201.36',159),('54532','7D0SYZ1','Dell','Latitude','World Languages','off','UH','201.44',159),('54533','hf0syz1','Dell','Latitude','World Languages','off','UH','201.41',159),('54534','1C0SYZ1','Dell','Latitude e5440','World Languages','off','UH','201.39',159),('54535','DDOSYZ1','Dell','Latitude e5440','World Languages','off','UH','201.45',159),('54536','jc0syz1','Dell','Latitude e5440','World Languages','off','UH','201.32',159),('54537','JHZRYZ1','Dell','Latitude','World Languages','off','UH','201.30',159),('54538','49ZRYZ1','Dell','Latitude e5440','World Languages','off','UH','201.42',159),('54606','CO2M7626FD57','Apple','MacBook Pro','World Languages','off',NULL,NULL,263),('54608','CPWM31XRDTY3','Apple','MacBook Pro','English','off',NULL,NULL,262),('54609','DMQLXLHLFK11','Apple','iPad Air','Music','on','PA','224',0),('54611','C07M30XPDWYM','Apple','Mac Mini','World Languages','on','UH','201.30',261),('54612','C07L81CTDWYM','Apple','Mac Mini','World Languages','on','UH','201.46',260),('54615','C1MMQXPYDTY3','Apple','MacBook Pro','Music','off',NULL,NULL,277),('62033','C02HK1QRDHJN','Apple','iMac 21','English','on','UH','301.3',281);
/*!40000 ALTER TABLE `equipment` ENABLE KEYS */;
UNLOCK TABLES;

--
-- Table structure for table `licensed_to`
--

DROP TABLE IF EXISTS `licensed_to`;
/*!40101 SET @saved_cs_client     = @@character_set_client */;
/*!40101 SET character_set_client = utf8 */;
CREATE TABLE `licensed_to` (
  `software_id` int(11) NOT NULL,
  `computer_tag` char(5) NOT NULL,
  PRIMARY KEY (`software_id`,`computer_tag`),
  KEY `fk_licensed_to_software_id` (`software_id`),
  KEY `fk_licensed_to_computer_tag` (`computer_tag`),
  CONSTRAINT `fk_licensed_to_computer_tag` FOREIGN KEY (`computer_tag`) REFERENCES `computer` (`computer_tag`) ON DELETE CASCADE ON UPDATE CASCADE,
  CONSTRAINT `fk_licensed_to_software_id` FOREIGN KEY (`software_id`) REFERENCES `software` (`software_id`) ON DELETE CASCADE ON UPDATE NO ACTION
) ENGINE=InnoDB DEFAULT CHARSET=latin1;
/*!40101 SET character_set_client = @saved_cs_client */;

--
-- Dumping data for table `licensed_to`
--

LOCK TABLES `licensed_to` WRITE;
/*!40000 ALTER TABLE `licensed_to` DISABLE KEYS */;
/*!40000 ALTER TABLE `licensed_to` ENABLE KEYS */;
UNLOCK TABLES;

--
-- Table structure for table `network_printer`
--

DROP TABLE IF EXISTS `network_printer`;
/*!40101 SET @saved_cs_client     = @@character_set_client */;
/*!40101 SET character_set_client = utf8 */;
CREATE TABLE `network_printer` (
  `hostname` varchar(45) NOT NULL,
  `printer_tag` char(5) NOT NULL,
  PRIMARY KEY (`printer_tag`),
  KEY `fk_netprinter_tag` (`printer_tag`),
  CONSTRAINT `fk_netprinter_tag` FOREIGN KEY (`printer_tag`) REFERENCES `equipment` (`tag_num`) ON DELETE CASCADE ON UPDATE NO ACTION
) ENGINE=InnoDB DEFAULT CHARSET=latin1;
/*!40101 SET character_set_client = @saved_cs_client */;

--
-- Dumping data for table `network_printer`
--

LOCK TABLES `network_printer` WRITE;
/*!40000 ALTER TABLE `network_printer` DISABLE KEYS */;
/*!40000 ALTER TABLE `network_printer` ENABLE KEYS */;
UNLOCK TABLES;

--
-- Table structure for table `old_inventory`
--

DROP TABLE IF EXISTS `old_inventory`;
/*!40101 SET @saved_cs_client     = @@character_set_client */;
/*!40101 SET character_set_client = utf8 */;
CREATE TABLE `old_inventory` (
  `tag` char(5) NOT NULL,
  `make` char(25) NOT NULL,
  `model` char(20) NOT NULL,
  `serial` char(40) NOT NULL,
  `purchase_date` date NOT NULL,
  `purchase_by` varchar(25) DEFAULT NULL,
  `department` varchar(25) NOT NULL,
  `fname` varchar(30) DEFAULT NULL,
  `lname` varchar(50) DEFAULT NULL,
  `location` varchar(3) NOT NULL,
  `building` char(2) NOT NULL,
  `room` varchar(6) NOT NULL,
  `os` varchar(20) DEFAULT NULL,
  `mac` varchar(12) DEFAULT NULL,
  `wmac` varchar(12) DEFAULT NULL,
  `printer` varchar(30) DEFAULT NULL,
  `notes` text,
  PRIMARY KEY (`tag`)
) ENGINE=MyISAM DEFAULT CHARSET=latin1;
/*!40101 SET character_set_client = @saved_cs_client */;

--
-- Dumping data for table `old_inventory`
--

LOCK TABLES `old_inventory` WRITE;
/*!40000 ALTER TABLE `old_inventory` DISABLE KEYS */;
INSERT INTO `old_inventory` VALUES ('46386','Apple','Mac Pro G5','G88200LNXYL','2008-05-01','College','College','Ewelina','Nowakowska','on','UH','47A','10.5','001f5b3450b4','','',''),('44891','Dell','Optiplex GX620','2BT3T91','2007-01-01','College','College','Matthew','Richardson','on','UH','47A','Debian Unstable','001f5b3450b4','','',''),('39169','Dell','GX240','51ZBP11','2002-01-01','College','College','Tech Support',NULL,'on','UH','47A','Debian Unstable','001f5b3450b4','','',''),('40497','Apple','Mac Pro G5','XB34408RNVA','2004-01-01','College','College','Tech Support',NULL,'on','UH','47A','10.4.11','000a9598a78e','','',''),('40357','Apple','17\" Studio Display','X13130T6NNF','2004-01-01','College','College','Tech Support',NULL,'on','UH','47A','','','','',''),('47773','Dell','XPS 420','90TWLG1','2008-06-01','Communication','Communication','Mo','Bahk','on','UH','401.13','Windows Vista','020054554e01','','',''),('39834','Apple','Power Mac G4','XB32408FN1W','2000-07-14','College','Performing Arts','Tech Support',NULL,'on','PA','107','10.3','000a958135f2','','',''),('45812','Apple','20\" Cinema Display','2A7174TRXMM','2007-07-14','College','World Languages','Ruth','Burke','on','UH','201.41','','','','',''),('46385','Apple','15\" MacBook Pro','W88214J9YJX','2008-01-01','College','Communication','Astrid','Sheil','off','UH','201.20','10.5','001ff35beb15','001f5bc8f131','HP Laserjet P1006',''),('40158','Apple','17\" Studio Display','N53142PRNNF','2000-01-01','College','Performing Arts','Tech Support',NULL,'on','PA','107','','','','',''),('35899','Apple','Power Mac G4','XB10907NJ3B','1999-01-01','College','College','Tech Support',NULL,'on','UH','47A','10.2','003065ba8a68','','',''),('39157','Dell','GX240','7SQCP11','2002-01-01','College','College','Tech Support',NULL,'on','UH','47A','Windows XP','00065b97ef17','','',''),('39143','Dell','GX240','J13CP11','2002-01-01','College','College','Tech Support',NULL,'on','UH','47A','Windows 2000','00065b97dc7a','','',''),('38312','Dell','GX240','CNHZG11','2002-01-01','College','English','Luz Elena','Ramirez','on','UH','301.44','Windows XP','00065ba18e27','','HP Laserjet 1200',''),('46091','Dell','Optiplex 755','3SJQ9G1','2008-01-01','College','English','Juan','Delgado','on','UH','334','Windows XP','001e4fdcd206','','',''),('46092','Dell','Optiplex 755','8SJQ9G1','2008-01-01','College','English','Karen','Rowan','on','UH','301.32','Windows XP','001e4fd4ffe0','','',''),('46384','Dell','Optiplex 755','DRXP9G1','2008-01-01','College','English','Glen','Hirshberg','on','UH','301.19','Windows Vista','00217006027d','','','small form'),('47548','Dell','Optiplex 755','6N3CCG1','2008-01-01','College','Communication','Coyote Chronicle',NULL,'on','UH','37','Windows Vista','00217007d7e3','','','small form'),('47547','Dell','Optiplex 755','7N3CCG1','2008-01-01','College','Communication','Coyote Chronicle',NULL,'on','UH','37','Windows Vista','002170080955','','','small form'),('47546','Dell','Optiplex 755','9N3CCG1','2008-01-01','College','English','Chad','Luck','on','UH','301.43','Windows XP','00217007d799','','','small form'),('47545','Dell','Optiplex 755','4N3CCG1','2008-01-01','College','English','Jessica','Luck','on','UH','301.10','Windows Vista','00217008106f','','HP Deskjet D4260','small form'),('46395','Apple','17\" iMac','W880712LWRQ','2007-01-01','College','Philosophy','Lab',NULL,'on','UH','52','10.5.3','0019e34a76e6','0017f23ac278','',''),('43409','HP','LaserJet 2430n','CNGKK92395','2007-01-01','Philosophy','Philosophy','Lab',NULL,'on','UH','52','','','','',''),('46397','Apple','17\" iMac','W8807129WRQ','2007-01-01','College','Philosophy','Lab',NULL,'on','UH','52','10.5.3','0019e34a7e4a','0017f23ac277','',''),('46394','Apple','17\" iMac','W880712KWRQ','2007-01-01','College','Philosophy','Lab',NULL,'on','UH','52','10.5.3','0019e34a8a6c','0017f23abf6f','',''),('46393','Apple','17\" iMac','W880712MWRQ','2007-01-01','College','Philosophy','Lab',NULL,'on','UH','52','10.5.3','0019e34a770e','0017f23abfe3','',''),('45714','Apple','iMac','W87112ZWWH5','2007-01-01','College','Philosophy','Lab',NULL,'on','UH','52','10.4.11','0017f2d5f8f8','0017f237e97b','',''),('45709','Apple','iMac','W87111N5WH5','2007-01-01','College','Philosophy','Lab',NULL,'on','UH','52','10.4.11','0017f2d817a6','0017f237ec08','',''),('45713','Apple','iMac','W87111NCWH5','2007-01-01','College','Philosophy','Lab',NULL,'on','UH','52','10.4.11','0017f2d81697','0017f237f09a','',''),('45710','Apple','iMac','W87111N0WH5','2007-01-01','College','Philosophy','Lab',NULL,'on','UH','52','10.4.11','0017f2d81523','0017f237eb5d','',''),('45715','Apple','iMac','W871121JWH5','2007-01-01','College','Philosophy','Lab',NULL,'on','UH','52','10.4.11','0017f2d4be13','0017f237e7fa','',''),('45712','Apple','iMac','W871133FWH5','2007-01-01','College','Philosophy','Lab',NULL,'on','UH','52','10.4.11','0017f2d4be99','0017f237ea03','',''),('45716','Apple','iMac','W87113CVWH5','2007-01-01','College','Philosophy','Lab',NULL,'on','UH','52','10.4.11','0017f2d80422','0017f237edcc','',''),('45711','Apple','iMac','W871134JWH5','2007-01-01','College','Philosophy','Lab',NULL,'on','UH','52','10.4.11','0017f2d4bd76','0017f237e984','',''),('46399','Apple','17\" iMac','W880712HWRQ','2007-01-01','College','Philosophy','Lab',NULL,'on','UH','52','10.5.3','0019e34a8a85','0017f23ac3c0','',''),('46398','Apple','17\" iMac','W8807127WRQ','2007-01-01','College','Philosophy','Lab',NULL,'on','UH','52','10.5.3','0019e34a79ef','0017f23abfc3','',''),('46400','Apple','17\" iMac','W880712FWRQ','2007-01-01','College','Philosophy','Lab',NULL,'on','UH','52','10.5.3','0019e34a7d89','0017f23ac275','',''),('29049','Panasonic','PT L291U','CA6510035','1997-01-01','College','Philosophy','Lab',NULL,'on','UH','52','','','','',''),('44607','Dell','Optiplex GX620','69T3T91','2006-01-01','College','Communication','Lab',NULL,'on','UH','38','Windows XP','0013727593bf','','',''),('44608','Dell','Optiplex GX620','79T3T91','2006-01-01','College','Communication','Lab',NULL,'on','UH','38','Windows XP','0013727593fa','','',''),('44609','Dell','Optiplex GX620','5BT3T91','2006-01-01','College','Communication','Lab',NULL,'on','UH','38','Windows XP','00137277a1f9','','',''),('44610','Dell','Optiplex GX620','B9T3T91','2006-01-01','College','Communication','Lab',NULL,'on','UH','38','Windows XP','001372759345','','',''),('44611','Dell','Optiplex GX620','6TF5T91','2006-01-01','College','Communication','Lab',NULL,'on','UH','38','Windows XP','0013727378d0','','',''),('44612','Dell','Optiplex GX620','F8T3T91','2006-01-01','College','Communication','Lab',NULL,'on','UH','38','Windows XP','001372759044','','',''),('44613','Dell','Optiplex GX620','1BT3T91','2006-01-01','College','Communication','Lab',NULL,'on','UH','38','Windows XP','0013727591d3','','',''),('44614','Dell','Optiplex GX620','B8T3T91','2006-01-01','College','Communication','Lab',NULL,'on','UH','38','Windows XP','0013727594d0','','',''),('44615','Dell','Optiplex GX620','9BT3T91','2006-01-01','College','Communication','Lab',NULL,'on','UH','38','Windows XP','0013727797b5','','',''),('44616','Dell','Optiplex GX620','D7T3T91','2006-01-01','College','Communication','Lab',NULL,'on','UH','38','Windows XP','0013727594f5','','',''),('44713','Dell','Optiplex GX620','H9T3T91','2006-01-01','College','Communication','Lab',NULL,'on','UH','38','Windows XP','0013727593de','','',''),('44719','Dell','Optiplex GX620','2TF5T91','2006-01-01','College','Communication','Lab',NULL,'on','UH','38','Windows XP','00137270cfb0','','',''),('44718','Dell','Optiplex GX620','78T3T91','2006-01-01','College','Communication','Lab',NULL,'on','UH','38','Windows XP','0013727594cc','','',''),('44717','Dell','Optiplex GX620','J8T3T91','2006-01-01','College','Communication','Lab',NULL,'on','UH','38','Windows XP','00137275937d','','',''),('44716','Dell','Optiplex GX620','C8T3T91','2006-01-01','College','Communication','Lab',NULL,'on','UH','38','Windows XP','0013727593c8','','',''),('44715','Dell','Optiplex GX620','H8T3T91','2006-01-01','College','Communication','Lab',NULL,'on','UH','38','Windows XP','001372758c4f','','',''),('44714','Dell','Optiplex GX620','3TF5T91','2006-01-01','College','Communication','Lab',NULL,'on','UH','38','Windows XP','00137273776a','','',''),('44742','Dell','Optiplex GX620','JBT3T91','2006-01-01','College','Communication','Lab',NULL,'on','UH','38','Windows XP','00137277a0bc','','',''),('44741','Dell','Optiplex GX620','6CT3T91','2006-01-01','College','Communication','Lab',NULL,'on','UH','38','Windows XP','00137277a07d','','',''),('44739','Dell','Optiplex GX620','5CT3T91','2006-01-01','College','Communication','Lab',NULL,'on','UH','38','Windows XP','00137277a48b','','',''),('44740','Dell','Optiplex GX620','38T3T91','2006-01-01','College','Communication','Lab',NULL,'on','UH','38','Windows XP','0013727595b7','','',''),('44738','Dell','Optiplex GX620','1CT3T91','2006-01-01','College','Communication','Lab',NULL,'on','UH','38','Windows XP','00137277a0ae','','',''),('44737','Dell','Optiplex GX620','5TF5T91','2006-01-01','College','Communication','Lab',NULL,'on','UH','38','Windows XP','001372737b34','','',''),('44580','Dell','Optiplex GX620','FCT3T91','2006-01-01','College','Communication','Lab',NULL,'on','UH','38','Windows XP','00137277a083','','',''),('44579','Dell','Optiplex GX620','18T3T91','2006-01-01','College','Communication','Lab',NULL,'on','UH','38','Windows XP','0013726ffcd0','','',''),('44743','Dell','Optiplex GX620','G7T3T91','2006-01-01','College','Communication','Lab',NULL,'on','UH','38','Windows XP','00137275929c','','',''),('44744','Dell','Optiplex GX620','HBT3T91','2006-01-01','College','Communication','Lab',NULL,'on','UH','38','Windows XP','00137277a4a4','','',''),('44745','Dell','Optiplex GX620','48T3T91','2006-01-01','College','College','Lab',NULL,'on','UH','38','Windows XP','001372759237','','',''),('44746','Dell','Optiplex GX620','9CT3T91','2006-01-01','College','Communication','Lab',NULL,'on','UH','38','Windows XP','001372779fd3','','',''),('44747','Dell','Optiplex GX620','39T3T91','2006-01-01','College','Communication','Lab',NULL,'on','UH','38','Windows XP','00137275928f','','','property tag is missing'),('44748','Dell','Optiplex GX620','J7T3T91','2006-01-01','College','Communication','Lab',NULL,'on','UH','38','Windows XP','00137275957a','','',''),('44617','Dell','Optiplex GX620','HSF5T91','2006-01-01','College','Communication','Lab',NULL,'on','UH','38','Windows XP','001372715537','','',''),('44618','Dell','Optiplex GX620','1TF5T91','2006-01-01','College','Communication','Lab',NULL,'on','UH','38','Windows XP','0013727158a4','','',''),('44724','Dell','Optiplex GX620','CCT3T91','2006-01-01','College','Communication','Lab',NULL,'on','UH','38','Windows XP','001372779fad','','',''),('44723','Dell','Optiplex GX620','HCT3T91','2006-01-01','College','College','Lab',NULL,'on','UH','38','Windows XP','00137277a1b5','','',''),('44722','Dell','Optiplex GX620','98T3T91','2006-01-01','College','Communication','Lab',NULL,'on','UH','38','Windows XP','0013727593f7','','',''),('44721','Dell','Optiplex GX620','C7T3T91','2006-01-01','College','College','Lab',NULL,'on','UH','38','Windows XP','0013727593d2','','',''),('44720','Dell','Optiplex GX620','29T3T91','2006-01-01','College','Communication','Lab',NULL,'on','UH','38','Windows XP','00137275925f','','',''),('46178','Dell','Optiplex 745','2N7D1D1','2006-01-01','College','Communication','Lab',NULL,'on','UH','38','Windows XP','001aa0895f08','','','teacher console'),('38348','Dell','GX240','CLHZG11','2002-01-01','College','English','Jennifer','Keys','on','UH','401.08','Windows XP','00065ba18b80','','',''),('38352','Dell','GX240','DKGZG11','2002-01-01','College','English','Claudia','Velasco','on','UH','401.09','Windows XP','00065ba18d3c','','',''),('38390','Dell','GX240','6NGZG11','2002-01-01','College','English','Joel','Harris','on','UH','401.16','Windows XP','00065ba18f4b','','',''),('38319','Dell','GX240','JMHZG11','2002-01-01','College','College','Tech Support',NULL,'on','UH','47A','Windows XP','00065ba18e85','','',''),('38327','Dell','GX240','9TFZG11','2002-01-01','College','College','Tech Support',NULL,'on','UH','47A','Windows XP','00065b76624c','','',''),('38343','Dell','GX240','DJGZG11','2002-01-01','College','English','Jacqueline','Wilcoxen','on','UH','401.07','Windows XP','00065ba18d2a','','',''),('38353','Dell','GX240','4QGZG11','2002-01-01','College','English','Kimberly','Miller','on','UH','401.17','Windows XP','00065ba18b99','','',''),('25917','Quasar','SXT5135J','MY42210023','2008-08-06','College','World Languages','Lab',NULL,'on','UH','009','','','','','TV'),('18460','Panasonic','PV 1535','K5SA40129','1985-01-01','College','World Languages','Lab',NULL,'on','UH','009','','','','','VHS Player'),('45809','Apple','24\" iMac','W8707280VGN','2007-01-01','College','World Languages','Moises','Hernandez','on','UH','008','10.4.11','0017f2d051f5','0019e3df11fd','',''),('34702','Dell','Optiplex GX110','9GNX00B','2000-01-01','College','World Languages','Moises','Hernandez','on','UH','008','Windows NT 4 Server','001217574916','','','Library Pilot #3'),('34705','Dell','Optiplex GX110','66NX00B','2000-01-01','College','World Languages','Moises','Hernandez','on','UH','008','Windows 2000','00b0d046bf53','','',''),('34343','Apple','iMac G3','YM0124A2 J88 ff01','1999-01-01','College','World Languages','Lab',NULL,'on','UH','007','OS9','0030653f6130','','',''),('24124','Pioneer','LO V2200','ME 3960734','2000-01-01','College','World Languages','Lab',NULL,'on','UH','007','','','','','Laser disc player'),('24126','Pioneer','LO V2200','NA 3966461','2000-01-01','College','World Languages','Lab',NULL,'on','UH','007','','','','','Laser disc player'),('45558','Sony','KDF E50A10','8543387','2006-01-01','College','World Languages','Lab',NULL,'on','UH','007','','','','','TV'),('25916','Apple','Power Mac 7100','FC5313ED44K','1999-01-01','College','World Languages','Lab',NULL,'on','UH','007','OS9','','','',''),('45972','Dell','Optiplex 745','5LJBSC1','2007-01-01','College','World Languages','Moises','Hernandez','on','UH','007','Windows XP','0019b92e09b4','','',''),('33337','Apple','iMac G3','XB92402U GT1 GT1','2000-01-01','College','World Languages','Lab',NULL,'on','UH','007','8.6','0050e406584f','','',''),('34530','HP','Laserjet 8000N','USGH014866','2001-01-01','College','World Languages','Lab',NULL,'on','UH','007','','','','','IP 139 182 62 15'),('24347','Panasonic','AG 2530','K4KD00024','1999-01-01','College','World Languages','Moises','Hernandez','on','UH','007','','','','','VHS'),('45909','Dell','Optiplex 745','7KJBSC1','2007-01-01','College','World Languages','Lab',NULL,'on','UH','007','Windows XP','0019b92fb524','','','15'),('45965','Dell','Optiplex 745','GKJBSC1','2007-01-01','College','World Languages','Lab',NULL,'on','UH','007','Windows XP','0019b92e0781','','','16'),('45906','Dell','Optiplex 745','8LJBSC1','2007-01-01','College','World Languages','Lab',NULL,'on','UH','007','Windows XP','0019b92e08af','','','18'),('45962','Dell','Optiplex 745','CKJBSC1','2007-01-01','College','World Languages','Lab',NULL,'on','UH','007','Windows XP','0019b92e053e','','','20'),('45963','Dell','Optiplex 745','5KJBSC1','2007-01-01','College','World Languages','Lab',NULL,'on','UH','007','Windows XP','0019b92fb5c1','','','17'),('45961','Dell','Optiplex 745','HJJBSC1','2007-01-01','College','World Languages','Lab',NULL,'on','UH','007','Windows XP','0019b92fb4a8','','','19'),('45966','Dell','Optiplex 745','3KJBSC1','2007-01-01','College','World Languages','Lab',NULL,'on','UH','007','Windows XP','0019b92fb5c5','','','21'),('45913','Dell','Optiplex 745','BLJBSC1','2007-01-01','College','World Languages','Lab',NULL,'on','UH','007','Windows XP','0019b92e0874','','','14'),('45912','Dell','Optiplex 745','FKJBSC1','2007-01-01','College','World Languages','Lab',NULL,'on','UH','007','Windows XP','0019b92e086b','','','13'),('45907','Dell','Optiplex 745','1KJBSC1','2007-01-01','College','World Languages','Lab',NULL,'on','UH','007','Windows XP','0019b92fb5e9','','','12'),('45908','Dell','Optiplex 745','6LJBSC1','2007-01-01','College','World Languages','Lab',NULL,'on','UH','007','Windows XP','0019b92e0993','','','11'),('45911','Dell','Optiplex 745','JKJBSC1','2007-01-01','College','World Languages','Lab',NULL,'on','UH','007','Windows XP','0019b92e08ee','','','10'),('45910','Dell','Optiplex 745','6KJBSC1','2007-01-01','College','World Languages','Lab',NULL,'on','UH','007','Windows XP','0019b92fb58d','','','9'),('45905','Dell','Optiplex 745','DLJBSC1','2007-01-01','College','World Languages','Lab',NULL,'on','UH','007','Windows XP','0019b92e0517','','','8'),('45903','Dell','Optiplex 745','HKJBSC1','2007-01-01','College','World Languages','Lab',NULL,'on','UH','007','Windows XP','0019b92e0859','','','1'),('45969','Dell','Optiplex 745','4KJBSC1','2007-01-01','College','World Languages','Lab',NULL,'on','UH','007','Windows XP','0019b92fbf9b','','','2'),('45970','Dell','Optiplex 745','7LJBSC1','2007-01-01','College','World Languages','Lab',NULL,'on','UH','007','Windows XP','0019b92e07e6','','','3'),('45971','Dell','Optiplex 745','1LJBSC1','2007-01-01','College','World Languages','Lab',NULL,'on','UH','007','Windows XP','0019b92e0521','','','4'),('45902','Dell','Optiplex 745','JJJBSC1','2007-01-01','College','World Languages','Lab',NULL,'on','UH','007','Windows XP','0019b92fb5ec','','','5'),('45901','Dell','Optiplex 745','3LJBSC1','2007-01-01','College','World Languages','Lab',NULL,'on','UH','007','Windows XP','0019b92e099a','','','6'),('45904','Dell','Optiplex 745','CLJBSC1','2007-01-01','College','World Languages','Lab',NULL,'on','UH','007','Windows XP','0019b92e0972','','','7'),('45964','Dell','Optiplex 745','9KJBSC1','2007-01-01','College','World Languages','Lab',NULL,'on','UH','007','Windows XP','0019b92fb575','','','Teacher console'),('23792','3M','9080 Overhead Projec','9000AJD','1999-01-01','College','Communication','Lab',NULL,'on','UH','38','','','','','Marked UH60'),('45600','Ricoh','Aficio AP410','Q0358600449','2006-01-01','Communication','Communication','Lab',NULL,'on','UH','38','','','','',''),('45685','Ricoh','Aficio CL2000','Q1840500605','2006-01-01','Communication','Communication','Lab',NULL,'on','UH','38','','','','',''),('46177','Epson','PowerLite 6100i','EMP28A902','2007-01-01','College','Communication','Lab',NULL,'on','UH','38','','','','','Has an additional property tag 46376'),('34874','Sharp','XG NV5XB','005317682','2004-01-01','College','English','Lab',NULL,'on','UH','47','','','','','Projector'),('43281','Dell','GX280','9VYVN71','2006-01-01','College','English','Lab',NULL,'on','UH','47','Windows XP','00123f2f42cf','','','26'),('43280','Dell','GX280','FTYVN71','2005-01-01','College','English','Lab',NULL,'on','UH','47','Windows XP','00123f2b460a','','','25'),('43279','Dell','GX280','BTYVN71','2005-01-01','College','English','Lab',NULL,'on','UH','47','Windows XP','00123f2b212f','','','24'),('43278','Dell','GX280','BVYVN71','2005-01-01','College','English','Lab',NULL,'','UH','47','Windows XP','00123f2f32d0','','','23'),('43277','Dell','GX280','DTYVN71','2005-01-01','College','English','Lab',NULL,'on','UH','47','Windows XP','00123f2b2050','','','22'),('43276','Dell','GX280','2WYVN71','2005-01-01','College','English','Lab',NULL,'on','UH','47','Windows XP','00123f2f55f3','','','21'),('43275','Dell','GX280','3TYVN71','2005-01-01','College','English','Lab',NULL,'on','UH','47','Windows XP','00123f2f355d','','','20'),('43274','Dell','GX280','5WYVN71','2005-01-01','College','English','Lab',NULL,'on','UH','47','Windows XP','00123f331e51','','','19'),('43273','Dell','GX280','9TYVN71','2005-01-01','College','English','Lab',NULL,'on','UH','47','Windows XP','00123f2b23db','','','18'),('43272','Dell','GX280','DVYVN71','2005-01-01','College','English','Lab',NULL,'on','UH','47','Windows XP','00123f2f48d3','','','17'),('43271','Dell','GX280','7TYVN71','2005-01-01','College','English','Lab',NULL,'on','UH','47','Windows XP','00123f2f7b83','','','16'),('43270','Dell','GX280','8VYNV71','2005-01-01','College','English','Lab',NULL,'on','UH','47','Windows XP','00123f2f53a3','','','15'),('43269','Dell','GX280','5TYVN71','2005-01-01','College','English','Lab',NULL,'on','UH','47','Windows XP','00123f2f7afb','','','14'),('43268','Dell','GX280','HTYVN71','2005-01-01','College','English','Lab',NULL,'on','UH','47','Windows XP','00123f2b2237','','','13'),('43267','Dell','GX280','3VYNV71','2005-01-01','College','English','Lab',NULL,'on','UH','47','Windows XP','0011432ea9e4','','','12'),('43266','Dell','GX280','4VYVN71','2005-01-01','College','English','Lab',NULL,'on','UH','47','Windows XP','00123f2f8072','','','11'),('43265','Dell','GX280','GVYVN71','2005-01-01','College','English','Lab',NULL,'on','UH','47','Windows XP','00123f2f7b4f','','','10'),('43264','Dell','GX280','HVYVN71','2005-01-01','College','English','Lab',NULL,'on','UH','47','Windows XP','00123f2f50ea','','','9'),('43263','Dell','GX280','FVYVN71','2005-01-01','College','English','Lab',NULL,'on','UH','47','Windows XP','00123f2f492d','','','8'),('43262','Dell','GX280','2VYVN71','2005-01-01','College','English','Lab',NULL,'on','UH','47','Windows XP','00123f2b3e6c','','','7'),('43261','Dell','GX280','4tYVN71','2005-01-01','College','English','Lab',NULL,'on','UH','47','Windows XP','00123f2f628f','','','6'),('43080','Dell','GX280','2TYVN71','2005-01-01','College','English','Lab',NULL,'on','UH','47','Windows XP','00123f2f4774','','','5'),('43079','Dell','GX280','GVYVN71','2005-01-01','College','English','Lab',NULL,'on','UH','47','Windows XP','00123f2f487d','','','4'),('43078','Dell','GX280','9WYVN71','2005-01-01','College','English','Lab',NULL,'on','UH','47','Windows XP','00123f332211','','','3'),('43077','Dell','GX280','GTYVN71','2005-01-01','College','English','Lab',NULL,'on','UH','47','Windows XP','0011432eabdd','','','2'),('43076','Dell','GX280','8TYVN71','2005-01-01','College','English','Lab',NULL,'on','UH','47','Windows XP','00123f2b1443','','','1'),('36745','Dell','Dimension 4100','3WQVP01','2005-01-01','College','Communication','Mo','Bahk','on','UH','401.13','Windows XP','','','',''),('38360','Dell','GX240','GJGZG11','2002-01-01','College','Communication','Andy','Tufano','on','UH','401.12','Windows XP','00065ba18caf','','','HP Deskjet D2360'),('38324','Dell','GX240','JSFZG11','2002-01-01','College','Communication','Robert','Leo','on','UH','401.11','Windows XP','00065b76625b','','','HP Laserjet 1020'),('45810','Apple','20\" iMac','W870766AVUV','2007-01-01','College','Communication','Fred','Gravatt','on','UH','401.40','10.4.11','0017f2d172c7','0019e3df456e','HP deskjet 5650','Sorenson VRS VP 200 139 182 162 160 '),('37434','Dell','GX240','4SX2511','2002-01-01','College','Communication','Fred','Jandt','on','UH','401.15','Windows 2000','00065b740929','','HP Deskjet D4160','GX240 is a thin client'),('43284','Apple','Mac Mini PowerPC','YM5209LSRHU','2005-01-01','College','English','Jean','Delgado','on','UH','301.12','10.4.11','0011243ec63c','','HP Deskjet 940c',''),('38309','Dell','GX240','8LHZG11','2002-01-01','College','Communication','Risa','Dickson','on','UH','401.14','Windows XP','00065ba18b7c','','HP Laserjet 4000N',''),('46086','Dell','Optiplex 745','64PKZC1','2007-01-01','College','World Languages','Paul','Pai','on','UH','401.34','Windows XP','0019b93d3d16','','HP Deskjet D2360',''),('46083','Dell','Optiplex 745','D4PKZC1','2007-01-01','College','World Languages','Mary Ann','McGuire','on','UH','401.35','Windows XP','0019b93d356b','','HP Deskjet D2360',''),('38329','Dell','GX240','2VFZG11','2002-01-01','College','World Languages','Part Time',NULL,'on','UH','401.36','Windows XP','00065b766385','','HP Deskjet D2330',''),('46057','Dell','Optiplex 745','5ZW5ZC1','2007-01-01','College','Philosophy','Tony','Roy','on','UH','401.43','Windows XP','0019b9405330','','HP PSC 1610 All in One','24inch Dell Monitor'),('38398','Dell','GX150','HHJ4H11','2000-01-01','College','Philosophy','David','Garcia','on','UH','401.32','Windows XP','00065bac8be5','','HP Deskjet 5940','Shares office with Phil Nist Epson Stylus C84'),('38354','Dell','GX240','8JGZG11','2002-01-01','College','Philosophy','Lou','Reich','on','UH','401.44','Windows XP','00065ba18d12','','HP Deskjet 5150','Needs flat screen monitor'),('41057','Dell','GX270','BZ5SV21','2004-01-01','College','Philosophy','Beverly','Gallo','on','UH','401.31','Windows XP','000bdb3ca602','','HP Deskjet 940c','Needs flat screen monitor'),('39266','Dell','GX260','8Z5SV21','2003-01-01','College','Philosophy','Tom','Moody','on','UH','401.45','Windows XP','000bdb3ca6e6','','HP Deskjet 940c','Needs flat screen monitor HP ScanJet 5400c'),('38666','Apple','PowerPC G4','XB2280UV-M1X-ff11','2002-01-01','College','Philosophy','Felipe','Leon','on','UH','401.30','10.2.8','000393b5058e','','HP Deskjet 895Cse','Needs flat screen monitor'),('39161','Dell','GX240','8RQCP11','2002-01-01','College','Philosophy','Jeremy','Hustwit','on','UH','401.29','Windows XP','00065b97ef7b','','HP Deskjet 960c',''),('44887','Apple','Mac Pro G5','G86353HSUQ2','2006-01-01','College','Philosophy','Arash','Naraghi','on','UH','401.46','10.4.11','0017f20253ea','','HP Deskjet 5550','Microtek ScanMaker 4800 2nd ethernet mac address 0017f20253eb'),('38320','Dell','GX240','SPFZG11','2002-01-01','College','Philosophy','Karen','Sperry','on','UH','401.28','Windows XP','00065b76528b','','HP Deskjet 5550',''),('38358','Dell','GX240','6KGZG11','2002-01-01','College','Philosophy','Fidel','Arnecillo','on','UH','401.47','Windows XP','00065ba18d32','','HP Deskjet  940c','Needs flat screen monitor'),('40805','Apple','Mac Pro G5 PowerPC','G8422DCENV9','2005-01-01','College','Philosophy','Darcy','Otto','on','UH','401.48','10.3.9','000d93c0549c','','HP Deskjet 5550',''),('40803','Apple','17\" Studio Display','2A41624QNNF','2005-01-01','College','Philosophy','Darcy','Otto','on','UH','401.48','','','','',''),('45708','Apple','17\" Studio Display','N52231UMKPW','2005-01-01','College','Philosophy','Susan','Finsen','on','UH','401.27','','','','',''),('45706','Apple','23\" Cinema Display','2A61215GUG0','2006-01-01','Philosophy','Philosophy','Chris','Naticchia','on','UH','401.26','','','','','No computer in office uses own laptop'),('40814','Dell','GX270','28QL051','2004-01-01','College','Communication','Coyote Chronicle',NULL,'on','UH','37','Windows XP','000d56f8639a','','',''),('40815','Dell','GX270','J7QL051','2004-01-01','College','Communication','Coyote Chronicle',NULL,'on','UH','37','Windows XP','000d56f8616c','','',''),('40813','Dell','GX270','F7QL051','2004-01-01','College','Communication','Coyote Chronicle',NULL,'on','UH','37','Windows XP','000d56f861ce','','',''),('40788','Dell','GX270','B1QL051','2004-01-01','College','Communication','Coyote Chronicle',NULL,'on','UH','37','Windows XP','000d56f8503a','','',''),('40817','Dell','GX270','97QL051','2004-01-01','College','Communication','Coyote Chronicle',NULL,'on','UH','37','Windows XP','000d56f86253','','','Epson Perfection 2480 Photo scanner'),('40816','Dell','GX270','38QL051','2004-01-01','College','Communication','Coyote Chronicle',NULL,'on','UH','37','Windows XP','000d56f85fa1','','',''),('42129','Dell','GX280','J9JYP71','2005-01-01','College','Communication','Coyote Chronicle',NULL,'on','UH','37','Windows XP','00123f847e9c','','','Editor station'),('38392','Dell','GX240','CNFZG11','2002-01-01','College','Communication','Coyote Chronicle',NULL,'on','UH','37','Windows XP','00065ba18f11','','',''),('40787','Dell','GX270','G7QL051','2004-01-01','College','Communication','Coyote Chronicle',NULL,'on','UH','37','Windows XP','000d56f86271','','',''),('46101','HP','LaserJet 5200n','CNBXC08522','2007-01-01','Communication','Communication','Coyote Chronicle',NULL,'on','UH','37','','00170885612a','','','139 182 63 11'),('39158','Dell','GX240','1SQCP11','2002-01-01','College','Communication','Coyote Chronicle',NULL,'on','UH','37','Windows XP','00065b97ef5d','','',''),('45707','Fellowes','Powershred','C380','2000-01-01','Philosophy','Philosophy','Storage',NULL,'on','UH','401.49','','','','','Jammed'),('38328','Dell','GX240','GPFZG11','2002-01-01','College','World Languages','Part Time',NULL,'on','UH','401.25','Windows XP','00065b7663a9','','HP Deskjet 5150',''),('46403','Apple','Mac Mini','G8620776U39','2006-01-01','Philosophy','Philosophy','Susan','Finsen','on','UH','401.27','10.4.11','0016cba3b1a6','0016cb04e8b7','HP Deskjet 935C',''),('45686','HP','Color LaserJet 2600n','JPGC6590LZ','2006-01-01','Philosophy','Philosophy','Chris','Naticchia','on','UH','401.26','','001438a64a0c','','',''),('44890','Dell','Optiplex GX620','JSF5T91','2007-01-01','College','World Languages','Kareen','Gervasi','on','UH','201.37','Windows XP','001372715544','','HP Deskjet 3940',''),('46093','Dell','Latitude D620-dispos','503KZC1','2008-01-01','College','World Languages','Rafael','Correa','off','UH','201.39','Windows XP','00188bd067e1','001b7723b80d','HP Deskjet D2330',''),('46370','Dell','Optiplex 745','5LG9RD1','2007-01-01','College','World Languages','Carmen','Jany','on','UH','201.36','Windows XP','001aa0c965e8','','HP Deskjet D4260','Logitech web cam'),('46085','Dell','Optiplex 745','65PKZC1','2007-01-01','College','World Languages','Part Time',NULL,'on','UH','201.35','Windows XP','0019b93d7e57','','HP Deskjet D2360',''),('39515','Dell','GX260','6YG7V21','2003-01-01','College','World Languages','Dan','Whitaker','on','UH','201.40','Windows XP','000874fe3fe9','','HP Deskjet D2330',''),('46179','Dell','Optiplex 745','697d1d1','2007-06-30','College','Communication','Smart Classroom',NULL,'on','UH','34','Windows XP','0019b93c893b','','',''),('46396','Apple','17\" iMac','W880712XWRQ','2008-06-30','College','Philosophy','Lab',NULL,'on','UH','52','10.5','0016cb9f698a','0017f23abfbd','',''),('39166','Dell','GX240','JSQCP11','2002-01-01','College','English','Philip','Page','on','UH','301.38','Windows XP','00065b97ef46','','HP Deskjet D2330','Smart Label Printer 200'),('38330','Dell','GX240','5ZFZG11','2002-01-01','College','English','David','Carlson','on','UH','301.40','Windows XP','00065ba18de6','','HP Deskjet D2330','HP Scanjet 5400c'),('31047','Kodak','Ektagraphic III AMT','174400','2000-01-01','English','English','David','Carlson','on','UH','301.40','','','','','slide projector'),('39833','Apple','Power Mac G4','XB3240C0 N1W','2002-01-01','College','English','Holly','Henry','on','UH','301.41','10.2.8','000a95785c24','','',''),('40358','Apple','17\" Studio Display','Y13130TENNF','2002-01-01','College','English','Holly','Henry','on','UH','301.41','','','','',''),('40755','Dell','GX270','2Z0PT41','2004-01-01','College','English','Margaret','Doane','on','UH','301.34','Windows XP','000d56f2ba0e','','HP Deskjet 5150',''),('36166','Sony','VAIO PCG6122','PCGR505TEK','2000-01-01','English','English','Margaret','Doane','on','UH','301.34','Windows 2000','','','','no admin account'),('42628','Dell','GX280','B5K5871','2005-01-01','College','English','Rong','Chen','on','UH','301.33','WIndows XP','','','HP Deskjet 6840','HP Scanjet 4670 Smart Label Printer 220'),('44882','Apple','17\" iMac','W86361RPVUY','2007-01-01','College','English','Julie','Paegle','on','UH','301.42','10.4.11','0016cb9a6d4a','0017f297d1af','HP Deskjet 940c',''),('38370','Dell','GX240','FMGZG11','2002-01-01','College','English','Joy','Barta','on','UH','401.05','Windows XP','00065ba18f90','','HP Deskjet 5440',''),('38357','Dell','GX240','CNGZG11','2002-01-01','College','English','Part Time',NULL,'on','UH','301.30','Windows 2000','00065ba18f8f','','HP Deskjet 5440',''),('36402','Dell','GX150','3MPRP01','2001-01-01','College','College','Tech Support',NULL,'on','UH','47A','Windows 2000','00b0d0f1965f','','',''),('34009','APC','BK650M','NB9916161746','2002-01-01','College','English','Luz Elena','Ramirez','on','UH','301.44','','','','','UPS'),('40159','Apple','17\" Studio Display','N53142PSNNF','2002-01-01','College','English','Caroline','Vickers','on','UH','301.31','','','','',''),('46089','Apple','Mac Mini','YM75113VYL2','2007-01-01','English','English','Caroline','Vickers','on','UH','301.31','10.5.2','0016cbadd73f','001cb3b2169b','HP Deskjet 6988',''),('46372','Dell','Optiplex 745','1LG9RD1','2007-01-01','College','English','Parastou','Feiz','on','UH','301.45','Windows XP','001aa0c99165','','HP Deskjet D4260',''),('39159','Dell','GX240','DQQCP11','2002-01-01','College','English','Pacific Review',NULL,'on','UH','401.18','Windows XP','00065b97f046','','HP Deskjet 810c','Canon CanoScan LIDE 35'),('42520','Apple','Mac Mini','YM5151LQRHS','2006-01-01','College','English','Part Time',NULL,'on','UH','301.46','10.4.11','001124837694','','HP Deskjet 5440','PowerPC'),('46371','Dell','Optiplex 745','3LG9RD1','2008-01-01','College','English','Joe','Sanders','on','UH','301.29','Windows XP','001aa0c99024','','HP Deskjet D4260',''),('38345','Dell','GX240','5LHZG11','2002-01-01','College','English','Marsha','Schuh','on','UH','301.47','Windows XP','00065ba18b86','','HP Deskjet 5440',''),('40844','Dell','GX270','8LMM251','2004-01-01','College','English','Treadwell','Ruml','on','UH','301.28','Windows XP','000d569de4a7','','HP Deskjet 5150',''),('38344','Dell','GX240','1PHZG11','2002-01-01','College','English','Part Time',NULL,'on','UH','301.27','Windows 2000','00065ba18e2b','','HP Deskjet 5440',''),('38342','Dell','GX240','2PHZG11','2002-01-01','College','English','Part Time',NULL,'on','UH','301.48','Windows XP','00065ba18dd8','','HP Deskjet 5440',''),('38351','Dell','GX240','6LHZG11','2002-01-01','College','English','Part Time',NULL,'on','UH','301.49','Windows 2000','00065ba18b72','','HP Deskjet 5440',''),('38350','Dell','GX240','JLHZG11','2002-01-01','College','English','Suzanne','Arakawa','on','UH','401.06','Windows XP','00065ba18ec0','','',''),('40757','Dell','GX270','GZQPT41','2004-01-01','College','College','Tech Support',NULL,'on','UH','47A','Windows XP','000d56f2ba74','','',''),('39165','Dell','GX240','CSQCP11','2002-01-01','College','English','Part Time',NULL,'on','UH','301.25','Windows XP','00065b97ef2b','','HP Deskjet 5440',''),('24751','Sharp','UH 3200','4510882X','2002-01-01','English','English','Storage',NULL,'on','UH','301.24','','','','','Fax printer'),('42894','Dell','GX280','FDJYP71','2005-01-01','College','English','Cynthia','Cotter','on','UH','301.02','Windows XP','00123f846622','','HP Deskjet 5440',''),('40758','Dell','GX270','6ZQPT41','2004-01-01','College','English','Renee','Pigeon','on','UH','301.23','Windows XP','000d56f2ba53','','HP Deskjet 5650','Dymo Labelwriter 330 Viewsonic 22inch lcd'),('46404','Apple','20\" iMac','QP812158X88','2008-01-01','English','English','Ellen','Gil Gomez','on','UH','301.03','10.5.2','001ec212e3b3','001ec2a361e0','HP Deskjet 960c',''),('46649','Dell','Optiplex 745','7W3W2F1','2008-01-01','English','English','Kimberly','Costino','on','UH','301.04','Windows XP','001aa0ec5814','','HP Deskjet D2330','Canon CanoScan 4400F'),('36400','Dell','GX150','BMPRP01','2001-01-01','College','College','Tech Support',NULL,'on','UH','47A','Windows 2000','00b0d0f1d6f9','','',''),('41070','Apple','Power Mac G4','XB23602H MRN FF11','2002-01-01','College','English','Sunny','Hyon','on','UH','301.05','10.2.8','000393a8e466','','HP Deskjet 5550','17 Studio Display with no tag'),('47515','Apple','Mac Pro','G874439E08S','2007-01-01','English','English','Jackie','Rhodes','on','UH','301.22','10.4.11','0017f20e9674','','HP Deskjet 5550','Canon CanoScan '),('46388','Apple','23\" Cinema Display','2A5494DGUG0','2007-01-01','English','English','Jackie','Rhodes','on','UH','301.22','','','','',''),('38374','Dell','GX240','2LGZG11','2002-01-01','College','English','Part Time',NULL,'on','UH','301.06','Windows XP','00065ba18cc0','','HP Deskjet 5440',''),('46650','Dell','Optiplex 745','BW3W2F1','2007-01-01','English','English','Bruce','Golden','on','UH','301.18','Windows XP','001aa0ec54d5','','HP Deskjet 3845','AOL'),('42891','Dell','GX280','1FJYP71','2005-01-01','College','English','Helen','Pilinovsky','on','UH','301.07','Windows XP','00123f845fa7','','HP Deskjet D4260',''),('46064','Dell','Optiplex 745','6PDWZC1','2008-01-01','College','College','Salaam','Yousif','on','UH','301.08','Windows XP','001aa0a089ea','','HP Deskjet D2330','22 SyncMaster 226BW Samsung monitor'),('38376','Dell','GX240','hlgzg11','2002-01-01','College','Performing Arts','Lab',NULL,'on','PA','227','Windows XP','00065ba18f73','','',''),('36405','Dell','GX150','GMPRP01','2001-01-01','College','English','Part Time',NULL,'on','UH','301.17','Windows 2000','00b0d0cbd248','','HP Deskjet 3845',''),('40839','Dell','GX270','7LMM251','2004-01-01','College','English','Wendy','Smith','on','UH','301.16','Windows XP','000d569de4bb','','HP Deskjet 5150',''),('38317','Dell','GX240','1nhzg11','2002-01-01','College','Performing Arts','Lab',NULL,'on','PA','227','Windows XP','00065ba18ebd','','',''),('40759','Dell','GX270','50RPT41','2004-01-01','College','English','James','Brown','on','UH','301.15','Windows XP','000d56f2ba09','','HP Deskjet 940c',''),('38316','Dell','GX240','4phzg11','2002-01-01','College','Performing Arts','Lab',NULL,'on','PA','227','Windows XP','00065ba8e3b','','',''),('38373','Dell','GX240','4ngzg11','2002-01-01','College','Performing Arts','Lab',NULL,'on','PA','227','Windows XP','','','',''),('38395','Dell','GX240','4PFZG11','2002-01-01','College','English','Part Time',NULL,'on','UH','301.10','Windows 2000','00065b76638a','','HP Deskjet 5440',''),('46369','Dell','Optiplex 745','4LG9RD1','2007-01-01','College','English','David','Marshall','on','UH','301.14','Windows XP','001aa0c909c4','','HP Deskjet D4260',''),('38311','Dell','GX240','9lhzg11','2002-01-01','College','Performing Arts','Lab',NULL,'on','PA','227','Windows XP','00065ba18bbe','','','4'),('38318','Dell','GX240','6nhzg11','2002-01-01','College','Performing Arts','Lab',NULL,'on','PA','227','Windows XP','00065ba18e98','','','3'),('38391','Dell','GX240','bmgzg11','2002-01-01','College','Performing Arts','Lab',NULL,'on','PA','227','Windows XP','00065ba18ed8','','','2'),('40160','Apple','17\" Studio Display','N53142PUNNF','2001-01-01','College','Philosophy','Rachel','Siordia','on','UH','401.42','','','','',''),('40161','Apple','Power Mac G4','XB32206F N1W','2002-01-01','College','Philosophy','Rachel','Siordia','on','UH','401.42','10.2.8','000393CA0DC4','','HP Deskjet 940c',''),('38306','Dell','GX240','2mhzg11','2002-01-01','College','Performing Arts','Lab',NULL,'on','PA','227','Windows XP','00065ba18e7e','','','1'),('42508','Dell','Optiplex 170L','92D3771','2005-01-01','College','English','Peter','Schroeder','on','UH','301.13','Windows XP','','','HP Deskjet 5740','No admin account'),('27415','Canon','CLBP360','jgy02056','1998-01-01','College','Performing Arts','Lab',NULL,'on','PA','227','','00c085211b97','','','Color Laser Printer Ancient'),('41284','Vision','Server','v133117227012','2005-01-01','College','Performing Arts','Lab',NULL,'on','PA','227','Debian GNU Linux','000d613a6853','','HP Deskjet 3847 Epson SC1100','Theatre Lab print and file server cadpa227'),('33471','Snap','Snap','31794','2000-01-01','Performing Arts','Performing Arts','Lab',NULL,'on','PA','227','','00c0b6007c32','','','Network attached storage device TASNAP'),('37866','SuperCD','SuperCD','0050c2120123','2000-01-01','Performing Arts','Performing Arts','Lab',NULL,'on','PA','227','','00c0b6007c32','','','Ta cd server'),('40558','HP','DesignJet800PS','sg0cu2200y','2002-01-01','Performing Arts','Performing Arts','Lab',NULL,'on','PA','227','','','','','Attached via parallel to cadpa227'),('30629','Sharp','SF7350','86218689','1998-01-01','Performing Arts','Performing Arts','Lab',NULL,'on','PA','227','','','','','Photocopier'),('34930','Sharp','XGNV2U','808319889','1998-01-01','Performing Arts','Performing Arts','Lab',NULL,'on','PA','227','','','','','Projector'),('40681','Apple','Power Mac G4','XB4150B6Q6P','2002-01-01','College','World Languages','Ruth','Burke','on','UH','201.41','10.3.9','000d9367145a','','HP Deskjet 3845','17 Studio Display with no tag'),('46081','Dell','Optiplex 745','F5PKZC1','2007-01-01','College','World Languages','Part Time',NULL,'on','UH','201.34','Windows XP','0019b93d7641','','HP Deskjet 5440',''),('45808','Apple','20\" iMac','W87065SYVUV','2007-01-01','World Languages','World Languages','Arturo','Fernandez Gilbert','on','UH','201.42','10.4.11','0017f2cc3bc1','0019e3dcb3a3','HP Deskjet 3940',''),('46079','Dell','Optiplex 745','75PKZC1','2007-01-01','College','World Languages','Ana','Deloera Moll','on','UH','201.33','Windows XP','0019b93d7fa6','','HP Deskjet D2330',''),('45603','Dell','Optiplex GX620','8TF5T91','2007-01-01','College','World Languages','Mirta','Gonzalez','on','UH','201.43','Windows XP','001372737a56','','HP Deskjet 960c',''),('46082','Dell','Optiplex 745','85PKZC1','2007-01-01','College','World Languages','Valerie','Morgan','on','UH','401.39','Windows XP','0019b93d7e4d','','Epson Stylus C84',''),('43351','Dell','GX280','7WYVN71','2005-01-01','College','World Languages','M. Antonieta','Gallegos-Ruiz','on','UH','201.44','Windows XP','00123f331f82','','HP Deskjet 960c',''),('46084','Dell','Optiplex 745','25PKZC1','2007-01-01','College','World Languages','Part Time',NULL,'on','UH','201.31','Windows XP','0019b93cc4a1','','HP Deskjet D2330',''),('46360','Apple','20\" iMac','W873802WZCT','2007-01-01','College','World Languages','Liz','Martin','on','UH','201.30','10.4.11','001b63a09466','001cb37ab71e','HP Deskjet D4260','HP Scanjet G4050'),('44889','Dell','Optiplex GX620','G9T3T91','2007-01-01','College','World Languages','David','Jerez Gomez','on','UH','201.45','Windows XP','0013727593df','','HP Deskjet 3940',''),('42429','Apple','17\" iMac','W8505018PNY','2006-01-01','College','World Languages','Aurora','Wolfgang','on','UH','201.46','10.3.9','000d935ca626','','HP Deskjet 970Cse','PowerPC'),('42890','Dell','GX280','BDJYP71','2005-01-01','College','World Languages','Myung','Choi','on','UH','201.47','Windows XP','00123f847e11','','HP Deskjet 3845',''),('42428','Apple','17\" iMac','W850501APNY','2007-01-01','World Languages','World Languages','Khamla','Dhouti','on','UH','201.48','10.4.11','001124700938','','HP Deskjet 940c','Brother HL2040 Laser Printer'),('38340','Dell','GX150','2JJ4H11','2001-01-01','College','World Languages','FLAGS Advising',NULL,'on','UH','201.25','Windows XP','00065bac8d3f','','HP Deskjet 3847',''),('38399','Dell','GX150','BHJ4H11','2001-01-01','College','World Languages','FLAGS Advising',NULL,'on','UH','201.25','Windows XP','00065bac8d56','','HP Deskjet 5440',''),('43283','Apple','Mac Mini','YM5209L6RHU','2007-01-01','College','Communication','Donna','Gotch','on','UH','201.24','10.4.11','000d937ac0c8','','HP Deskjet 940c','PowerPC'),('38375','Dell','GX240','4MGZG11','2002-01-01','College','Communication','Part Time',NULL,'on','UH','201.01','Windows XP','00065ba18f3b','','HP Laserjet 1200',''),('38367','Dell','GX240','7LGZG11','2002-01-01','College','Communication','Part Time',NULL,'on','UH','201.01','Windows XP','00065ba18c72','','',''),('39620','Dell','GX280','5M5LZ21','2005-01-01','College','College','Tech Support',NULL,'on','UH','47A','Windows XP','000bdb3ca9b5','','',''),('38334','Dell','GX240','6PFZG11','2002-01-01','College','Communication','Part Time',NULL,'on','UH','201.04','Windows XP','00065b7664c2','','HP Deskjet D2360',''),('38394','Dell','GX240','FNFZG11','2002-01-01','College','Communication','Part Time',NULL,'on','UH','201.04','Windows XP','00065ba18f15','','HP Deskjet 3847',''),('43349','Dell','GX280','JTYVN71','2005-01-01','College','Communication','Nathan','Carter','on','UH','201.22','Windows XP','00123f2b225f','','HP Deskjet 3845',''),('43346','Apple','Mac Mini','YM5209MKRHU','2005-01-01','College','Communication','Scott','Rodriguez','on','UH','201.05','10.4.11','000d937ac12a','','HP Deskjet D2360',''),('38331','Dell','GX240','DPFZG11','2002-01-01','College','Communication','Part Time',NULL,'on','UH','201.19','Windows XP','00065b76627d','','HP Deskjet D2360',''),('38307','Dell','GX240','2LHZG11','2002-01-01','College','Communication','Part Time',NULL,'on','UH','201.19','Windows XP','00065ba18bc1','','',''),('38325','Dell','GX240','3TFZG11','2002-01-01','College','Communication','Part Time',NULL,'on','UH','201.07','Windows XP','00065ba18dd7','','HP Deskjet 5550',''),('38389','Dell','GX240','4LGZG11','2002-01-01','College','Communication','Part Time',NULL,'on','UH','201.07','Windows XP','00065ba18cc1','','',''),('46387','Dell','Latitude D630','3KBLDG1','2008-01-01','Communication','Communication','Jo Anna','Grant','off','UH','201.18','Windows XP','001c23526f7a','001f3ba99975','',''),('39621','Dell','GX260','CM5LZ21','2004-01-01','College','College','Tech Support',NULL,'on','UH','47A','Windows 2000','000bdb3ca9c2','','',''),('38332','Dell','GX240','FTFZG11','2002-01-01','College','Communication','Part Time',NULL,'on','UH','201.08','Windows XP','00065b76637d','','HP Deskjet 5150',''),('38308','Dell','GX240','3NHZG11','2002-01-01','College','Communication','Part Time',NULL,'on','UH','201.08','Windows XP','00065ba18eb4','','',''),('44344','Dell','Optiplex GX620','43YM281','2007-01-01','College','Communication','Robin','Larsen','on','UH','201.17','Windows XP','00137286fecf','','HP Deskjet 5740','Fujitsu Scan Snap 9510'),('44343','Dell','Optiplex GX620','14YM2B1','2007-01-01','College','Communication','Rueyling','Chuang','on','UH','201.09','Windows XP','00137286fe07','','HP Deskjet 5740',''),('38315','Dell','GX240','FLHZG11','2002-01-01','College','Communication','Part Time',NULL,'','UH','201.10','Windows XP','00065ba18b6d','','HP Deskjet 672C',''),('38665','Apple','Power Mac G4','XB2280UW M1X ff11','2002-01-01','College','Communication','Rod','Metts','on','UH','401.10','10.2.8','000393A5C0EE','','HP Deskjet 940c',''),('39721','Dell','GX260','40SHP21','2004-01-01','College','Communication','Heather','Hundley','on','UH','201.14','Windows XP','000874f3c918','','HP Laserjet P1005',''),('44881','Dell','Optiplex GX620','7CT3T91','2007-01-01','College','Communication','Mihaela','Popescu','','UH','201.12','Windows XP','00137276a3ba','','HP Laserjet 1020','Fujitsu ScanSnap PDF Scanner'),('43347','Dell','GX280','1WYVN71','2006-01-01','College','Communication','Brian','Heisterkamp','on','UH','201.13','Windows XP','00123f2f43e4','','HP Laserjet 1200',''),('38369','Dell','GX240','BNGZG11','2002-01-01','College','English','Kent','Rogers','on','UH','301.11','Windows XP','00065ba18f53','','HP Deskjet 5440',''),('46321','Apple','15\" Macbook Pro','W872414BXAH','2006-01-01','College','Philosophy','Matthew','Davidson','off','VA','228','10.4.11','001b63928d4a','001b63c3ecdf','','Mac Mini at home info NA'),('45720','Apple','20\" Cinema Display','2A71503YXMM','2007-01-01','College','College','Ewelina','Nowakowska','off','UH','47A','','','','',''),('45813','Sony','VAIO','PCG 7112L','2008-01-01','English','English','Dorothea','Cartwright','off','UH','334','Windows Vista','001a80245837','001cbf59dfb8','',''),('45814','Canon','HV20 A Kit','652513205883','2008-01-01','Communication','Communication','Ece','Algan','off','UH','201.15','','','','','Camcorder'),('46088','Dell','XPS M1530','PP28L','2008-01-01','College','Communication','Mihaela','Popescu','off','UH','201.12','Windows Vista','001d094ad3d7','001f3a309d3f','',''),('46090','Apple','Macbook','W88197450P1','2005-01-01','Visual Arts','Visual Arts','Sant','Khalsa','off','VA','105B','10.4.11','001ff3540efa','','',''),('38346','Dell','GX240','HMHZG11','2002-01-01','College','English','CAL Office',NULL,'on','UH','335','Windows 2000','00065ba18e57','','HP Deskjet 5440','Smart Label Printer 200'),('44892','Dell','Optiplex GX620','FBT3T91','2008-01-01','College','English','Andrew','Castillo','on','UH','334','Windows XP','001372779fa5','','HP Deskjet 940c','Smart Label Printer 200 Viewsonic 22inch monitor'),('46389','Apple','iMac','QT3084CHNHX','2006-01-01','College','Communication','Mary','Fong','on','UH','201.16','10.4.11','000a959f06c8','','HP Deskjet 5740','iMac PowerMac6 1'),('43829','HP','Color Laserjet 3600','CNGCH05863','2007-01-01','English','English','Dorothea','Cartwright','on','UH','334','','00143845291c','','',''),('42679','Dell','Latitude 110L','FXRR771','2007-01-01','College','English','CAL Office',NULL,'on','UH','318','Windows XP','000b7d1c175d','','',''),('44169','Fellowes','Powershred','C380','2006-01-01','English','English','CAL Office',NULL,'on','UH','318','','','','',''),('36009','TEK','ARL E','480696','2000-01-01','College','English','CAL Office',NULL,'on','UH','335','','','','','time stamp'),('44758','Dell','Optiplex GX620','D3CBRB1','2007-01-01','College','English','Dorothea','Cartwright','on','UH','334','Windows XP','','','','2 x 22 Viewsonic Monitors'),('45718','Apple','15\" MacBook Pro','W8623513VWW','2007-01-01','College','English','Jennifer','Andersen','off','UH','301.36','10.4.11','0016cb8e322d','0016cbbf20d5','HP Deskjet 4260',''),('46390','Toshiba','Satelite P305','68253819W','2008-09-01','Music','Music','Music Office',NULL,'on','PA','111','Windows Vista','001e68837c72','001f3c7639f3','',''),('44809','HP','Color Laserjet 5500','JPGR000442','2005-01-01','College','College','CAL Office',NULL,'on','UH','237','','0001e6a42b15','','','139 182 60 6'),('46375','Epson','PowerLite 6100i','EMP28BB31','2007-01-01','College','College','CAL Office',NULL,'on','UH','212','','','','','projector'),('38349','Dell','GX240','2NHZG11','2002-01-01','College','College','CAL Office',NULL,'on','UH','237','Windows 2000','00065ba18ea1','','',''),('41123','Fellowes','Powershred 480','1723123','2004-01-01','College','College','CAL Office',NULL,'on','UH','213','','','','',''),('45705','Konica Minolta','Bizhub C352','231103382','2006-01-01','College','College','CAL Office',NULL,'on','UH','213','','','','','copier'),('40274','Sharp','XGNV2U','808320089','1998-08-01','College','College','CAL Office',NULL,'on','PA','225','','','','','Projector with cart and VHS'),('46391','Apple','15\" MacBook Pro','W88371KBYJY','2008-09-01','Communication','Communication','Ahlam','Muhtaseb','off','UH','201.23','10.5.5','001ff3cbdea5','002241fb001d','',''),('39144','Dell','GX240','D13CP11','2002-01-01','College','Communication','Linda','Sand','on','UH','18','Windows XP','00065b97dc60','','HP Deskjet D2330',''),('39619','Dell','GX240','1NSLZ21','2004-01-01','College','Communication','CAL Office',NULL,'on','UH','19','Windows XP','000bdb3ca985','','','CS2 and HP ScanJet 5300C'),('37034','HP','Color LaserJet 4550','JPPCH07881','2000-01-01','College','Communication','CAL Office',NULL,'on','UH','19','','0001e6549510','','','139 182 60 168'),('36392','Apple','Power Mac G4','XB1270JX KXS ff06','2003-01-01','College','Communication','CAL Office',NULL,'on','UH','401.1','10.2.8','00039348ea4e','','',''),('44292','Dell','Latitude D810','DBF32B1','2006-01-01','Communication','Communication','CAL Office',NULL,'on','UH','19','Windows XP','001422f6bb05','00166f765383','',''),('36963','Ricoh','Aficio 220','34035','2000-01-01','College','Communication','CAL Office',NULL,'on','UH','20','','','','','copier'),('42892','Dell','GX280','HDJYP71','2006-01-01','College','College','Alicia','Trujillo','on','UH','237','Windows XP','00123f84fd92','','HP Deskjet 5550','CanoScan LiDe60'),('41124','Sharp','PG M20S','305314031','2005-01-01','College','College','CAL Office',NULL,'on','UH','237','','','','','projector'),('44178','Dell','Latitude D810','BDX7Y91','2006-01-01','College','College','CAL Office',NULL,'on','UH','237','Windows XP','001422f4c645','00166f80335d','','loaner'),('46373','Dell','Optiplex 745','2LG9RD1','2007-01-01','College','College','Salaam','Yousif','on','UH','216','Windows XP','001aa0c908df','','',''),('45643','HP','Color LaserJet 2600n','CNGC6492BJ','2007-01-01','College','College','Salaam','Yousif','on','UH','216','','001438a0e641','','',''),('44888','Dell','Optiplex GX620','D9T3T91','2007-01-01','College','College','Martha','DiazGranados','on','UH','214','Windows XP','001372759372','','HP Color Laserjet 2550L','Epson Perfection 2480 Photo'),('44620','Apple','20\" iMac','W861705RU2P','2006-01-01','College','College','Leo','Connolly','on','UH','217','10.4.11','0016cb9139b9','0016cbb23816','HP Deskjet 3845',''),('44749','Apple','20\" iMac','QP6340NVU2S','2006-01-01','College','College','Eri','Yasuhara','on','UH','219','10.4.11','0016cb974559','0016cbb4f0ee','HP Deskjet D2330',''),('40840','Dell','GX270','CKMM251','2006-01-01','College','Philosophy','CAL Office',NULL,'on','UH','339','Windows XP','000d569de4a4','','HP OfficeJet Pro L7689 ','Smart Label Printer 200'),('41041','HP','Color LaserJet 4600','JPAKD06135','2006-01-01','College','Philosophy','CAL Office',NULL,'on','UH','339','','0001e67e18cd','','',''),('45562','Dell','Optiplex GX620','CH8VRC1','2007-01-01','College','Philosophy','Rachel','Siordia','on','UH','339','Windows XP','0019b91f41b7','','HP Deskjet D2330','Smart Label Printer 200'),('38668','Apple','Power Mac G4','XB2280UUMIX','2002-01-01','College','Philosophy','Jill','Buroker','on','UH','340','10.4.11','000393b5047c','','HP Deskjet 5550','HP ScanJet 5400C'),('35659','HP','Color Laserjet 4550','JPNCB20392','2000-01-01','College','World Languages','CAL Office',NULL,'on','UH','314','','0001e628f8de','','',''),('46080','Dell','Optiplex 745','J5PKZC1','2007-01-01','World Languages','World Languages','CAL Office',NULL,'on','UH','314','Windows XP','0019b93d7f69','','','Smart Label Printer 240 CanoScan Lide 60'),('46017','HP','Laserjet M4345 MFP','CNCC71J075','2007-01-01','College','World Languages','CAL Office',NULL,'on','UH','314','','0017a49360cc','','',''),('38356','Dell','GX240','8KGZG11','2002-01-01','College','World Languages','CAL Office',NULL,'on','UH','314','Windows XP','00065ba18cae','','','Smart Label Printer 240'),('42895','Dell','GX280','2FJYP71','2006-01-01','College','World Languages','Parri','King','on','UH','314','Windows XP','00123f84ffba','','HP Laserjet 1000 series','Dymo Labelwriter Twin Turbo'),('40760','Dell','GX270','CZQPT41','2005-01-01','College','RAFFMA','Tiffany','Talavera','on','VA','104C','Windows XP','000d56f2b974','','HP Deskjet 5550',''),('42295','Dell','Latitude D600','1CXWQ61','2007-01-01','RAFFMA','RAFFMA','RAFFMA',NULL,'on','VA','104C','Windows XP','000e35cd7efa','','','used with projector 42294'),('42294','Sharp','Notevision PG A20X','412321844','2006-01-01','RAFFMA','RAFFMA','RAFFMA',NULL,'on','VA','104C','','','','','projector'),('43348','Dell','GX270','3WYVYN71','2006-01-01','College','Visual Arts','Yvette','Menacho','on','VA','105','Windows XP','00123f2f545c','','HP Officejet 5519','Brother Ptouch QL550'),('36136','HP','Color Laserjet 4550N','JPNCC27410','2002-01-01','College','Visual Arts','CAL Office',NULL,'on','VA','105','','','','','54 2 printing error'),('36143','Dell','GX115','B199J01','2000-01-01','College','Visual Arts','CAL Office',NULL,'on','VA','105','Windows XP','00b0d0dc84d4','','','Brother Ptouch QL550'),('45531','Fellowes','Powershred 320','PS320','2004-01-01','Visual Arts','Visual Arts','CAL Office',NULL,'on','VA','105','','','','',''),('35601','Ricoh','Aficio 220','33758','2000-01-01','Visual Arts','Visual Arts','CAL Office',NULL,'on','VA','105','','','','',''),('43407','Dell','Optiplex GX620','28230B1','2007-01-01','College','RAFFMA','Andrea','Callahan','on','VA','105','Windows XP','001372824406','','HP Deskjet 970Cxi','HP Color Laserjet 2605dn CNGC7198BC 0017088bd09d'),('43408','Dell','Optiplex GX620','38230B1','2007-01-01','College','RAFFMA','Candace','Parks','on','VA','105','Windows XP','001372824593','','HP Deskjet 460','Brother QL550'),('40845','Dell','GX270','3LMM251','2006-01-01','College','Performing Arts','Natasha','Richardson','on','PA','111','Windows XP','000d569de468','','','Dymo LabelWriter 400'),('38347','Dell','GX240','HLHZG11','2002-01-01','College','Performing Arts','CAL Office',NULL,'on','PA','111','Windows XP','00065ba18e7a','','HP Deskjet D2330','CanoScan Lide70'),('40163','Apple','Power Mac G4','XB3220BBN1W','2002-01-01','College','Music','CAL Office',NULL,'on','PA','111','10.3.9','000a9579ce92','','',''),('45693','HP','Color Laserjet 4600','JPBKB15818','2003-01-01','Music','Music','CAL Office',NULL,'on','PA','111','','0030c154b33f','','',''),('40756','Dell','GX270','80RPT41','2006-01-01','College','Music','Lisa','DeMarco','on','PA','111','Windows XP','000d56f2ba11','','',''),('42696','Sharp','AR BC260','1815','2002-01-01','Music','Music','CAL Office',NULL,'on','PA','111','','','','','copier'),('41220','HP','Laserjet 4200','CNDX403272','2005-01-01','Music','Music','Lab',NULL,'on','PA','133','','0001e69f88f7','','',''),('44127','Apple','eMac','G85403M4SCH','2004-01-01','Music','Music','Lab',NULL,'on','PA','133','10.4.11','001451133348','','',''),('45751','Apple','23\" Cinema Display','2A6520QUUG0','2007-01-01','College','Music','Lab',NULL,'on','PA','133','','','','','hooked up to PA133 10 40'),('28844','Kawai','Digital Piano PN60','9307816','2002-01-01','Music','Music','Lab',NULL,'on','PA','133','','','','',''),('46446','Apple','Mac Pro','G870315AUPZ','2007-01-01','College','Music','Lab',NULL,'on','PA','133','10.4.11','0017f2061476','','','2nd eth 00:17:f2:06:14:77'),('28841','Kawai','Digital Piano PN60','9307829','2005-01-01','Music','Music','Lab',NULL,'on','PA','133','','','','',''),('46453','Apple','Mac Pro','G870315ZUPZ','2007-01-01','College','Music','Lab',NULL,'on','PA','133','10.4.11','0017f2061506','','','Tagged PA133 02 30 and 23\" Cinema Display 2A6520RWUG0'),('46454','Apple','Mac Pro','G870310QUPZ','2007-01-01','College','Music','Lab',NULL,'on','PA','133','10.4.11','0017f205dfda','','','Tagged PA13303 33 and 23\" Cinema Display 2A6520V5UG0'),('28842','Kawai','Digital Piano PN60','9307818','2005-01-01','Music','Music','Lab',NULL,'on','PA','133','','','','',''),('46451','Apple','Mac Pro','G870316BUPZ','2007-01-01','College','Music','Lab',NULL,'on','PA','133','10.4.11','0017f205dfe6','','','Tagged PA133 18 and 23\" Cinema Display '),('46448','Apple','Mac Pro','G870314TUPZ','2007-01-01','College','Music','Lab',NULL,'on','PA','133','10.4.11','0017f2061450','','','Tagged PA13315 45 and 23\" Cinema Display 2A6520QYUG0'),('46449','Apple','Mac Pro','G8703110UPZ','2007-01-01','College','Music','Lab',NULL,'on','PA','133','10.4.11','0017f20614fc','','','Tagged PA13316 46 and 23\" Cinema Display 2A6520QXUG0'),('46455','Apple','Mac Pro','G870314PUPZ','2007-01-01','College','Music','Lab',NULL,'on','PA','133','10.4.11','0017f206151c','','','Tagged PA13304 34 and 23\" Cinema Display 2A6520RBUG0'),('28846','Kawai','Digital Piano PN60','9307817','2005-01-01','Music','Music','Lab',NULL,'on','PA','133','','','','',''),('46443','Apple','Mac Pro','G870310PUPZ','2007-01-01','College','Music','Lab',NULL,'on','PA','133','10.4.11','0017f20615d0','','','Tagged PA13305 35 and Dell standard display'),('28847','Kawai','Digital Piano PN60','9307824','2005-01-01','Music','Music','Lab',NULL,'on','PA','133','','','','',''),('46444','Apple','Mac Pro','G870311CUPZ','2007-01-01','College','Music','Lab',NULL,'on','PA','133','10.4.11','0017f206136a','','','Tagged PA13307 37 and 23\" Cinema Display 2A6520R3UG0'),('28850','Kawai','Digital Piano PN60','9307840','2005-01-01','Music','Music','Lab',NULL,'on','PA','133','','','','',''),('46445','Apple','Mac Pro','G870314RUPZ','2007-01-01','College','Music','Lab',NULL,'on','PA','133','10.4.11','0017f2061364','','','Tagged PA13308 38 and 23\" Cinema Display 2A6520RFUG0'),('46447','Apple','Mac Pro','G8703167UPZ','2007-01-01','College','Music','Lab',NULL,'on','PA','133','10.4.11','0017f205dfd8','','','Tagged PA13309 39 and 23\" Cinema Display 2A6520RCUG0'),('28848','Kawai','Digital Piano PN60','9306017','2007-01-01','Music','Music','Lab',NULL,'on','PA','133','','','','',''),('46441','Apple','Mac Pro','G870310NUPZ','2007-01-01','College','Music','Lab',NULL,'on','PA','133','10.4.11','0017f205dfb0','','','Tagged Pa13314 44 and 23 Cinema Display 2A6520RAUG0'),('46442','Apple','Mac Pro','G870312BUPZ','2007-01-01','College','Music','Lab',NULL,'on','PA','133','10.4.11','0017f206141c','','','Tagged PA13313 43 and 23\" Cinema Display 2A6520QZUG0'),('46490','Apple','Mac Pro','G870310VUPZ','2007-01-01','College','Music','Lab',NULL,'on','PA','133','10.4.11','0017f20614e4','','','Tagged PA13312 42 and 23\" Cinema Display 2A6520RRUG0'),('46489','Apple','Mac Pro','G870311UUPZ','2007-01-01','College','Music','Lab',NULL,'on','PA','133','10.4.11','0017f2061436','','','Tagged PA13311 41 and 23\" Cinema Display 2A6520QVUG0'),('46450','Apple','Mac Pro','G870310YUPZ','2007-01-01','College','Music','Lab',NULL,'on','PA','133','10.4.11','0017f206153e','','','Tagged Pa13317 47 and has Dell standard monitor'),('45528','Apple','Mac Pro','G870314MUPZ','2007-01-01','College','Music','Lab',NULL,'on','PA','133','10.4.11','0017f20614f2','','','Tagged Pa13306 36 and 23\" Cinema Display 2A6520RXUG0'),('28843','Kawai','Digital Piano PN60','9307841','2005-01-01','Music','Music','Lab',NULL,'on','PA','133','','','','',''),('39146','Dell','GX240','J23CP11','2002-01-01','College','Music','Rebecca','Tomlinson','on','PA','119','Windows XP','00065b97dc54','','',''),('39145','Dell','GX240','423CP11','2002-01-01','College','Music','Nancy','Glen','on','PA','119','Windows XP','00065b97dc70','','HP Deskjet D2330','Canon CanoScan LiDE90'),('39167','Dell','GX240','GRQCP11','2002-01-01','College','Performing Arts','Michelle','Ebert Freire ','on','PA','117','Windows 2000','00065b97ef4a','','HP Deskjet 940c','Microtek ScanMaker X12USL'),('36413','Dell','GX150','CB0ZP01','2002-01-01','College','Performing Arts','Part Time',NULL,'on','PA','115','Windows XP','00b0d0cf9049','','HP Deskjet D2330','needs flat screen monitor'),('42527','Dell','GX280','B0BV871','2002-01-01','College','Performing Arts','Lee','Lyons','on','PA','114','Windows XP','001143292675','','HP Deskjet 5550',''),('46401','Apple','23\" Cinema Display','2A7155WFMN','2006-01-01','Performing Arts','Performing Arts','Lee','Lyons','on','PA','114','','','','',''),('38371','Dell','GX240','6LGZ11','2002-01-01','College','Performing Arts','Part Time',NULL,'on','PA','105','Windows XP','00065ba18c91','','',''),('45815','Apple','Mac Pro','G88152VYXYK','2007-01-01','Performing Arts','Performing Arts','Johanna','Smith','on','PA','103','10.5.3','001f5b3018b0','','HP Deskjet 5550',''),('45816','Apple','23\" Cinema Display','2A8121KYXMN','2007-01-01','Performing Arts','Performing Arts','Johanna','Smith','on','PA','103','','','','',''),('45694','Apple','MacBook Pro','W86321SGVWY','2006-09-04','College','Music','Todd','Johnson','on','PA','113','10.4.11','0016cb94e7de','0017f2453738','',''),('44885','Apple','20\" Cinema Display','2A6292Z8UFZ','2007-01-01','College','Performing Arts','Andre','Harrington','on','PA','121','','','','',''),('40762','Dell','GX270','GYQPT41','2005-01-01','College','Liberal Studies','PALS',NULL,'on','CE','114','Windows XP','000d56f2b9f6','','HP Deskjet 5550','Dymo LabelWriter Turbo 330'),('41118','HP','Color Laserjet 4600','JPAKG05992','2005-01-01','Liberal Studies','Liberal Studies','PALS',NULL,'on','CE','114','','0001e670bed2','','',''),('39163','Dell','GX240','GQQCP11','2002-01-01','College','College','Tech Support',NULL,'on','UH','47A','Windows XP','00065b97f014','','',''),('38396','Dell','GX240','JNFZG11','2002-01-01','College','Liberal Studies','Katherine','Thomerson','on','CE','114E','Windows XP','00065ba18eac','','HP Deskjet 3845','Canon CanoScan LiDE 25'),('45538','Dell','Optiplex GX620','68T3T91','2007-01-01','College','Liberal Studies','Jerrold','Pritchard','on','CE','114D','Windows XP','00137277a63e','','HP Deskjet 3845','Dymo LabelWriter Turbo 330'),('35431','Ricoh','Aficio 220','38087','2000-01-01','Liberal Studies','Liberal Studies','PALS',NULL,'on','CE','114F','','','','','Copier'),('40842','Dell','GX270','5LMM251','2005-01-01','College','Liberal Studies','PALS',NULL,'on','CE','114','Windows XP','000d569de49a','','HP Deskjet 940c','zoomtext Smart Label Printer 200'),('42528','Dell','GX280','70BV871','2006-01-01','College','Liberal Studies','Marianna','Bencomo Jasso','on','CE','114B','Windows XP','0011432928b3','','HP Deskjet 3845','Smart Label Printer 200 Canon CanoScan LiDE25'),('38313','Dell','GX240','BNHZG11','2002-01-01','College','Liberal Studies','PALS',NULL,'on','CE','114','Windows XP','00065ba18e64','','HP Laserjet P2015dn','HP Deskjet 3845 '),('39005','Apple','eMac','G82235FULL7','2001-01-15','College','English','Lab',NULL,'on','UH','055','10.4.11','000393a188f8','','','UH05503'),('39041','Apple','eMac','G8223BGJLL7','2001-01-15','College','English','Lab',NULL,'on','UH','055','10.4.11','0003939afa6a','','','UH05504'),('39036','Apple','eMac','G82235GGLL7','2001-01-15','College','English','Lab',NULL,'on','UH','055','10.4.11','000393a18842','','','UH05506'),('39044','Apple','eMac','G82239H2LL7','2001-01-15','College','English','Lab',NULL,'on','UH','055','10.4.11','000393a18aea','','','UH05505'),('39032','Apple','eMac','G82235G8LL7','2001-01-15','College','English','Lab',NULL,'on','UH','055','10.4.11','000393a18c12','','','UH05513'),('39038','Apple','eMac','G8223BGNLL7','2001-01-15','College','English','Lab',NULL,'on','UH','055','10.4.11','0003939aee12','','','UH05514'),('39011','Apple','eMac','G82235GKLL7','2001-01-15','College','English','Lab',NULL,'on','UH','055','10.4.11','0003938a7738','','','UH05515'),('39015','Apple','eMac','G82235FQLL7','2001-01-15','College','English','Lab',NULL,'on','UH','055','10.4.11','000393a18c3c','','','UH05518'),('39002','Apple','eMac','G82235FPLL7','2001-01-15','College','English','Lab',NULL,'on','UH','055','10.4.11','0003938a7744','','','UH05517'),('39009','Apple','eMac','G82229ATLL7','2001-01-15','College','English','Lab',NULL,'on','UH','055','10.4.11','000393b0c3b0','','','UH05516'),('39027','Apple','eMac','G82235G1LL7','2001-01-15','College','English','Lab',NULL,'on','UH','055','10.4.11','0003938a7604','','','UH05522'),('39037','Apple','eMac','G8223BGGLL7','2001-01-15','College','English','Lab',NULL,'on','UH','055','10.4.11','0003939aff14','','','UH05523'),('38485','Apple','eMac','G82239GYLL7','2001-01-15','College','English','Lab',NULL,'on','UH','055','10.4.11','000393a18d48','','','UH05524'),('39001','Apple','eMac','G82235G0LL7','2001-01-15','College','English','Lab',NULL,'on','UH','055','10.4.11','000393a18b64','','','UH05520'),('39014','Apple','eMac','G82229A0LL7','2001-01-15','College','English','Lab',NULL,'on','UH','055','10.4.11','000393b0c77c','','','UH05521'),('39012','Apple','eMac','G82235G5LL7','2001-01-15','College','English','Lab',NULL,'on','UH','055','10.4.11','0003938a7718','','','UH05519'),('39043','Apple','eMac','G82239HALL7','2001-01-15','College','English','Lab',NULL,'on','UH','055','10.4.11','000393b24536','','','UH05507'),('39047','Apple','eMac','G8223BGQLL7','2001-01-15','College','English','Lab',NULL,'on','UH','055','10.4.11','0003939af970','','','UH05508'),('39008','Apple','eMac','G82235F5LL7','2001-01-15','College','English','Lab',NULL,'on','UH','055','10.4.11','000393a2e72e','','','UH05509'),('39048','Apple','eMac','G8223BGHLL7','2001-01-15','College','English','Lab',NULL,'on','UH','055','10.4.11','0003939af930','','','UH05510'),('39040','Apple','eMac','G8223BGRLL7','2001-01-15','College','English','Lab',NULL,'on','UH','055','10.4.11','0003939aee0c','','','UH05511'),('39023','Apple','eMac','G82235FNLL7','2001-01-15','College','English','Lab',NULL,'on','UH','055','10.4.11','0003938a789a','','','UH05512'),('39017','Apple','eMac','G8222944LL7','2001-01-15','College','English','Lab',NULL,'on','UH','055','10.4.11','0003939ae9a4','','','UH05525'),('39018','Apple','eMac','G82235GVLL7','2001-01-15','College','English','Lab',NULL,'on','UH','055','10.4.11','000393a2e352','','','UH05526'),('39010','Apple','eMac','G82235FDLL7','2001-01-15','College','English','Lab',NULL,'on','UH','055','10.4.11','0003938a780a','','','UH05501'),('39003','Apple','eMac','G82235FBLL7','2001-01-15','College','English','Lab',NULL,'on','UH','055','10.4.11','000393a18e58','','','UH05502'),('46380','Apple','15\" Macbook Pro','w8739akyx92','2009-01-29','English','English','Kevin','Moffett','off','UH','301.35','10.5','001b639f4621','','',''),('46485','Dell','Latitude D630','25Z4QD1','2008-01-01','College','English','Brenda','Glascott','off','UH','301.39','Windows XP','001c230fc4e7','001b77c52658','',''),('46392','Apple','15\" MacBook Pro','W89130VC8Q1','2009-04-17','College','Visual Arts','David','Kreitz','off','VA','215','10.5.6','002500d005ba','00236c99d4ea','Epson R280',''),('46405','HP','dc7900','MXL92201X2','2009-06-01','College','English','Charmaine','Boucher','on','UH','301.26','Windows XP','0024819465d3','','HP Deskjet D2360','Smart Label Printer 200'),('46406','Apple','15\" Macbook Pro','W89095BP1G0','2009-06-10','English','English','Kimberly','Costino','off','UH','301.04','10.5.7','0023df9f538e','00236c96c7ba','',''),('39719','Apple','PowerBook G4','UV3160DENP4','2001-01-01','College','College','Tech Support',NULL,'on','UH','47A','10.4.11','000393d3d124','000393e9dee3','',''),('38372','Dell','GX240','JKGZG11','2002-01-01','College','College','Tech Support',NULL,'on','UH','47A','Windows XP','','','',''),('43352','Dell','GX280','4WYVN71','2006-01-01','College','English','Part Time',NULL,'on','UH','301.27','Windows XP','00123f329c22','','',''),('38326','Dell','GX240','7TFZG11','2002-01-01','College','College','Tech Support',NULL,'on','UH','47A','Windows XP','','','','no graphics card'),('34906','Apple','Power Mac G4','XBO262EKJ2S','2002-01-01','College','College','Tech Support',NULL,'on','UH','47A','10.2.8','0030659ad9d6','','',''),('35960','Apple','Power Mac G4','XB1090A5J3B','2000-01-01','College','College','Tech Support',NULL,'on','UH','47A','10.2.8','003065ba89f6','','','does not boot'),('36399','Apple','PowerBook G4','QT1260EQLBW','2002-01-01','College','College','Tech Support',NULL,'on','UH','47A','10.2.8','00039315f1d0','','','does not boot'),('35056','Sony','DCR TRV900 NTSC','1100987','2002-01-01','College','College','Tech Support',NULL,'on','UH','47A','','','','','Mini DV recorder'),('46366','Apple','15\" Macbook Pro','W87381P8X92','2007-01-01','College','College','Tech Support',NULL,'on','UH','47A','10.4.10','001b63a2c276','','','Used to belong to Kevin Moffett'),('39004','Apple','eMac','G82235GELL7','2002-01-01','College','College','Tech Support',NULL,'on','UH','47A','10.4.11','0003938a7680','','',''),('40273','Sharp','XG NV2U','808319756','1998-01-01','College','College','Tech Support',NULL,'on','UH','47A','','','','','LCD Projector'),('34868','Dell','PowerEdge 4400','JCTV00B','2001-01-01','College','College','Server Room',NULL,'on','UH','47','','','','',''),('34732','Dell','PowerEdge 4400','CRJT00B','2001-01-01','College','College','Server Room',NULL,'on','UH','47','','','','','thunderbolt'),('41034','APC','Smart UPS 3000','WS0011005794','2002-01-01','College','College','Server Room',NULL,'on','UH','47','','00c0b7c31eb0','','','super flash'),('35063','Dell','PowerEdge 2450','2SD5101','2002-01-01','College','College','Server Room',NULL,'on','UH','47','','','','','meeting maker server'),('34731','Dell','PowerEdge 4400','BRJT00B','2002-01-01','College','College','Server Room',NULL,'on','UH','47','','','','','Bonneville'),('41144','Apple','Power Mac G4 Cube','XA121042K59','2000-01-01','College','College','Server Room',NULL,'on','UH','47','10.3.9','003065b20a10','','','Vectorworks license server 53 158'),('36418','Dell','KVM Switch 0223EEH','US 023JEEH 18820 164 8879','2000-01-01','College','College','Server Room',NULL,'on','UH','47','','','','',''),('40395','Apple','Mac OS X Server','QP3390BN4NP2','2003-01-01','College','College','Server Room',NULL,'on','UH','47','10.4.11','000a95e54dd8','','','Xserve 1'),('40394','Apple','Mac OS X Server','QP3390B1NP2','2003-01-01','College','College','Server Room',NULL,'on','UH','47','10.4.11','000a95e49d36','','',''),('40392','Apple','Mac OS X Server','QP3390B2NP2','2003-01-01','College','College','Server Room',NULL,'on','UH','47','10.4.11','000a95e49fa8','','','Xserve 2'),('40393','Apple','Mac OS X Server','QP339083NP2','2003-01-01','College','College','Server Room',NULL,'on','UH','47','10.4.11','000333f46580','','','not active'),('40391','Apple','Mac OS X Server','QP33907RM98','2004-01-01','College','College','Server Room',NULL,'on','UH','47','10.4.11','000a9535cae7','','','file server for art  vrc \neth2 000a9535cb77'),('40396','Apple','Mac OS X Server','QP339080M98','2004-01-01','College','College','Server Room',NULL,'on','UH','47','10.4.11','000a9535d165','','','radmind images 000a9535cd45'),('46407','APC','Smart UPS 3000','XS0018005346','2000-01-01','College','College','Server Room',NULL,'on','UH','47','','00c0b7a21964','','','firebird'),('45028','Dell','PowerEdge 860','FF5905C1','2006-01-01','College','College','Server Room',NULL,'on','UH','47','Windows Server 2003 ','0015c5f49aaf','','','Xtemplate 62 17'),('44931','Dell','PowerEdge 2161DS 2','CDD0M91','2006-01-01','College','College','Server Room',NULL,'on','UH','47','','','','','KVM Switch'),('38359','Dell','GX240','2JGZG11','2002-01-01','College','English','Christi','Rucker','on','UH','301.09','Windows XP','00065ba18cff','','HP Deskjet 5440',''),('45553','Dell','PowerEdge 2950','FZ71TB1','2006-01-01','College','College','Server Room',NULL,'on','UH','47','','','','',''),('45554','Dell','PowerEdge 2950','GZ71TB1','2006-01-01','College','College','Server Room',NULL,'on','UH','47','','','','',''),('45555','Dell','PowerEdge 2950','CZ71TB1','2006-01-01','College','College','Server Room',NULL,'on','UH','47','','','','',''),('45556','Dell','PowerEdge 2950','DZ71TB1','2006-01-01','College','College','Server Room',NULL,'on','UH','47','','','','',''),('45557','Dell','PowerEdge 2950','HZ71TB1','2006-01-01','College','College','Server Room',NULL,'on','UH','47','','','','',''),('34222','Toshiba','PAP311U T2W8','10370291U 1','2000-01-01','College','College','Tech Support',NULL,'on','UH','47','','','','','laptop'),('46408','HP','dc7900','MXL92201X4','2009-01-01','College','College','Tech Support',NULL,'on','UH','47A','Windows XP','002481946635','','',''),('34201','Dell','Inspiron 7500','Y516K','2009-01-01','College','College','Tech Support',NULL,'on','UH','47A','Windows XP','00095b1d088f','','',''),('46409','HP','dc7900','MXL92201X3','2009-01-01','College','College','Tech Support',NULL,'on','UH','47A','Windows XP','002481946217','','',''),('45657','Apple','Mac Pro','G870312TUPZ','2006-01-01','Communication','Communication','Lab',NULL,'on','UH','39','10.4.11','0017f2061696','','',''),('45604','Apple','23\" Cinema Display','2A6512H4UG0','2006-01-01','Communication','Communication','Lab',NULL,'on','UH','39','','','','','Local Matters TV Show'),('40765','Dell','GX270','4ZQPT41','2004-01-01','College','College','Cynthia','Moss','on','UH','237','Windows XP','000d56f2ba20','','HP Deskjet 940c',''),('39141','Dell','Latitude C840','24W1P11','2000-01-01','College','College','Tech Support',NULL,'on','UH','47A','Windows XP','000874014fc1','','',''),('38323','Dell','GX240','BQFZG11','2002-01-01','College','Communication','Ahlam','Muhtaseb','on','UH','201.23','Windows XP','00065ba18de4','','HP Deskjet 5740','HP Scanjet 4670'),('46383','Dell','Optiplex GX755','FRXP9G1','2007-01-01','College','College','Richard','Jarvis','on','UH','201.27','Windows XP','002170060779','','HP Deskjet 3845',''),('43350','Dell','GX280','BWYVN71','2005-01-01','College','College','Erika','Quinonez','on','UH','201.28','Windows XP','00123f332180','','HP Deskjet 3847','Dymo LabelWriter 400 Turbo'),('38402','Dell','GX240','1ZLMH11','2002-01-01','College','English','Mary','Boland','on','UH','301.20','Windows XP','00065ba42420','','HP Deskjet D2330',''),('40761','Dell','GX270','C0RPT41','2006-01-01','College','Performing Arts','Margaret','Perry','on','PA','109','Windows XP','000d56f2ba16','','HP Deskjet D2530',''),('43788','Sony','Power HAD EX','104528','2004-01-01','Communication','Communication','TV Studio',NULL,'on','UH','25','','','','','Camera'),('43787','Sony','Power HAD EX','104536','2004-01-01','Communication','Communication','TV Studio',NULL,'on','UH','25','','','','','Camera 3'),('44016','Sony','Power HAD EX','104525','2004-01-01','Communication','Communication','TV Studio',NULL,'on','UH','25','','','','','Camera 1'),('22619','Panasonic','AG7350','B2TC00509','1990-01-01','Communication','Communication','TV Studio',NULL,'on','UH','25','','','','','Video Cassette Recorder'),('22616','Panasonic','AG7350','A2TB00168','1990-01-01','Communication','Communication','TV Studio',NULL,'on','UH','25','','','','','Video Cassette Recorder'),('21062','Sony','BVU 950','15535','1990-01-01','Communication','Communication','TV Studio',NULL,'on','UH','25','','','','','Video Cassette Recorder'),('33135','Mackie','SR24 4','t52493','2002-01-01','Communication','Communication','TV Studio',NULL,'on','UH','25','','','','','2442 4 Bus Mixing Console'),('40254','Apple','12\" Powerbook G4','UV3141WOMRTFF13','2003-01-01','College','World Languages','Lab',NULL,'on','UH','08','10.4.11','000393d3cdfe','','',''),('38333','Dell','GX240','JPFZG11','2002-01-01','College','Performing Arts','Tom','Provenzano','on','PA','104','Windows XP','00065b76639e','','HP Laserjet 5L','Canon LiDE 60'),('44542','Dell','Latitude X1','89GHWB1','2006-01-01','College','Performing Arts','Terry','Smith','off','PA','106','Windows XP','0015c5e5146c','','HP PCS 1315 all in one',''),('44124','Apple','eMac','G85403NESCH','2004-01-01','College','Music','Music Library',NULL,'on','PA','123','10.4.9','001451132916','','',''),('36157','Apple','PowerMac G4','XB11527XKXR','2002-01-01','College','Music','Instrument Room',NULL,'on','PA','129','10.2.8','00039305370','','','not plugged in'),('33603','Mackie','HI Human User Interf','AK11748','2004-01-01','College','Music','Instrument Room',NULL,'on','PA','129','','','','',''),('25742','Yamaha','Rev 5 Digital Reverb','OY01162','2000-01-01','Music','Music','Instrument Room',NULL,'on','PA','129','','','','',''),('33525','Pioneer','CLD V880','SKPP021174UC','2000-01-01','Music','Music','Instrument Room',NULL,'on','PA','129','','','','',''),('41191','Yamaha','Trombone','NA','2004-01-01','Music','Music','Instrument Room',NULL,'on','PA','129','','','','',''),('21041','Apple','Macintosh SE','F945503802','1988-01-01','College','Music','Instrument Room',NULL,'on','PA','129','8.0','','','',''),('21574','Roland','JC 120','BB34102','2000-01-01','Music','Music','Instrument Room',NULL,'on','PA','129','','','','',''),('15086','Unknown','Trombone','Unknown','1990-01-01','Music','Music','Instrument Room',NULL,'on','PA','129','','','','','008369'),('37637','Mackie','SRM 450','21CB87087','2002-01-01','Music','Music','Instrument Room',NULL,'on','PA','129','','','','',''),('46423','Weril','Trumpet','Unknown','2006-01-01','Music','Music','Instrument Room',NULL,'on','PA','129','','','','',''),('21573','Ampeg','SVT 350T','T00DC00021','2000-01-01','Music','Music','Instrument Room',NULL,'on','PA','129','','','','',''),('46482','Weril','Horn','Unknown','2002-01-01','Music','Music','Instrument Room',NULL,'on','PA','129','','','','','number is torn off'),('46424','Weril','Horn','Unknown','2002-01-01','Music','Music','Instrument Room',NULL,'on','PA','129','','','','',''),('14158','Unknown','Saxophone','Unknown','1990-01-01','Music','Music','Instrument Room',NULL,'on','PA','129','','','','','Bubba'),('14320','Benge','Horn','Unknown','1990-01-01','Music','Music','Instrument Room',NULL,'on','PA','129','','','','',''),('19704','Otari','MX5050','18750408','1990-01-01','Music','Music','Instrument Room',NULL,'on','PA','129','','','','',''),('16170','Music Man','HD150','A0106529','1990-01-01','Music','Music','Instrument Room',NULL,'on','PA','129','','','','',''),('16171','Music Man','115RH','19645','1990-01-01','Music','Music','Instrument Room',NULL,'on','PA','129','','','','',''),('20046','Emax','1020','0581751','1990-01-01','Music','Music','Instrument Room',NULL,'on','PA','129','','','','',''),('17551','dbx','224X','41204527','1990-01-01','Music','Music','Instrument Room',NULL,'on','PA','129','','','','',''),('21459','dbx','F 900 A','1742108','1990-01-01','Music','Music','Instrument Room',NULL,'on','PA','129','','','','',''),('33329','Gebrder Mnning','English Horn','8283','2000-01-01','Music','Music','Instrument Room',NULL,'on','PA','129','','','','',''),('11587','Signet','Clarinet','Unknown','1990-01-01','Music','Music','Instrument Room',NULL,'on','PA','129','','','','',''),('10919','Henri Selmer','Clarinet','Unknown','1990-01-01','Music','Music','Instrument Room',NULL,'on','PA','129','','','','',''),('14699','Conn','Strobotuner','76261','1980-01-01','Music','Music','Instrument Room',NULL,'on','PA','129','','','','',''),('11817','Herwiga Rex','Flute','Unknown','1990-01-01','Music','Music','Instrument Room',NULL,'on','PA','129','','','','',''),('13991','Moeck','Flute','Unknown','2000-01-01','Music','Music','Instrument Room',NULL,'on','PA','129','','','','',''),('3090','Resonans','Violin','Unknown','2000-01-01','Music','Music','Instrument Room',NULL,'on','PA','129','','','','',''),('20343','Yamaha','Saxophone','Unknown','2000-01-01','Music','Music','Instrument Room',NULL,'on','PA','129','','','','',''),('18470','Otari','MX5050BQ','18630505','1990-01-01','Music','Music','Instrument Room',NULL,'on','PA','129','','','','',''),('28063','Yamaha','Horn','Unknown','2000-01-01','Music','Music','Instrument Room',NULL,'on','PA','129','','','','',''),('10947','King','Horn','Unknown','2000-01-01','Music','Music','Instrument Room',NULL,'on','PA','129','','','','',''),('10946','King','Horn','Unknown','2000-01-01','Music','Music','Instrument Room',NULL,'on','PA','129','','','','',''),('13387','Moeck','Horn','Unknown','2000-01-01','Music','Music','Instrument Room',NULL,'on','PA','129','','','','',''),('13389','Moeck','Horn','Unknown','2000-01-01','Music','Music','Instrument Room',NULL,'on','PA','129','','','','',''),('13388','Moeck','Horn','Unknown','2000-01-01','Music','Music','Instrument Room',NULL,'on','PA','129','','','','',''),('11819','Moeck','Horn','Unknown','2000-01-01','Music','Music','Instrument Room',NULL,'on','PA','129','','','','',''),('11560','Moeck','Horn','Unknown','2000-01-01','Music','Music','Instrument Room',NULL,'on','PA','129','','','','',''),('11818','Moeck','Horn','Unknown','2000-01-01','Music','Music','Instrument Room',NULL,'on','PA','129','','','','',''),('38321','Dell','GX240','BPFZG11','2002-01-01','College','Music','Dan','Robinson','on','PA','124','Windows 2000','00065b76637f','','HP Laserjet 1200',''),('44334','WTS','70 WTS952','5344','2006-01-01','Music','Music','Dan','Robinson','on','PA','124','','','','','CD duplicator'),('34843','Proxima','Desktop Projector 68','40E224886','2000-01-01','Music','Music','Dan','Robinson','on','PA','124','','','','',''),('33463','Mackie','HR824','AG36174','2004-01-01','Music','Music','Dan','Robinson','on','PA','124','','','','',''),('38322','Dell','GX240','3QFZG11','2002-01-01','College','Music','Dan','Robinson','on','PA','124','','00065b766379','','',''),('40841','Dell','GX270','1LMM251','2005-01-01','College','Music','Dan','Robinson','on','PA','124','Debian','','','','music file server'),('28495','HP','Laserjet 6MP','USBB090686','2000-01-01','College','Music','Dan','Robinson','on','PA','124','','','','',''),('33597','Apple','PowerMac G3','8G1900XGHY','2000-01-01','College','Music','Dan','Robinson','on','PA','124','10.2.8','0050e4105a65','','',''),('35933','Apple','PowerMac G4','XB10907FJ3B','2000-01-01','College','Music','Dan','Robinson','on','PA','124','10.3.9','003065c90232','','',''),('35937','Apple','PowerMac G4','XB1080KRJ3B','2000-01-01','College','Music','Dan','Robinson','on','PA','124','','003065c8f636','','',''),('35959','Apple','PowerMac G4','XB1090B1J3B','2000-01-01','College','Music','Dan','Robinson','on','PA','124','10.3.9','003065ba8ae0','','',''),('35934','Apple','PowerMac G4','XB1080KJJ3B','2000-01-01','College','Music','Dan','Robinson','on','PA','124','10.3.9','003065c900aa','','',''),('33470','Mackie','HR824','AG36749','2000-01-01','Music','Music','Sound Room',NULL,'on','PA','130','','','','',''),('45717','Apple','Mac Pro','G87153ZGUQ2','2006-01-01','Music','Music','Sound Room',NULL,'on','PA','130','10.4.11','0017f208d0ce','','',''),('33469','Mackie','HR824','AG36748','2000-01-01','Music','Music','Sound Room',NULL,'on','PA','130','','','','',''),('21602','Panasonic','CT 2790VY','AS02280255','1990-01-01','Music','Music','Sound Room',NULL,'on','PA','130','','','','','TV'),('47372','Euphonix','Digital Control Stud','Unknown','2004-01-01','Music','Music','Sound Room',NULL,'on','PA','130','','','','',''),('33191','Alesis','Adat Type II','2D6927622','2000-01-01','Music','Music','Sound Room',NULL,'on','PA','130','','','','','Digital audio recorder'),('25391','Mackie','24 8 Mixing Console','H19610','2000-01-01','Music','Music','Sound Room',NULL,'on','PA','130','','','','',''),('20149','Yamaha','KX88','Unknown','2000-01-01','Music','Music','Sound Room',NULL,'on','PA','130','','','','','keyboard'),('46402','Digidesign','3 Rack','Unknown','2006-01-01','Music','Music','Sound Room',NULL,'on','PA','130','','','','',''),('22289','Roland','JD800','ZC43404','2000-01-01','Music','Music','Sound Room',NULL,'on','PA','130','','','','','synthesizer'),('21166','Otari','MX 55','18900180','2000-01-01','Music','Music','Sound Room',NULL,'on','PA','130','','','','',''),('44125','Apple','eMac','G85402TESCH','2000-01-01','College','Music','Sound Room',NULL,'on','PA','124B','10.4.9','001451133cf6','','',''),('22486','Tascam','DA30','360148 931','2000-01-01','Music','Music','Sound Room',NULL,'on','PA','124B','','','','',''),('17496','Onkyo','A 8017','5412625768','2000-01-01','Music','Music','Sound Room',NULL,'on','PA','124B','','','','',''),('36406','Dell','GX150','DMPRP01','2000-01-01','College','Music','Sound Room',NULL,'on','PA','124B','','','','',''),('33912','Johannus','Opus 30','1305e359912847','2000-01-01','Music','Music','Organ Room',NULL,'on','PA','131','','','','','organ'),('33961','Johannus','UL300','UL300 35 99','2000-01-01','Music','Music','Organ Room',NULL,'on','PA','131','','','','',''),('13115','Kenwood','KA 3500','520925','2000-01-01','Music','Music','Organ Room',NULL,'on','PA','131','','','','',''),('25570','Marantz','PMD510 U','MZ019520200229','2000-01-01','Music','Music','Organ Room',NULL,'on','PA','131','','','','',''),('25738','Nakamichi','670ZX','Unknown','2002-01-01','Music','Music','Organ Room',NULL,'on','PA','131','','','','',''),('40627','Tascam','DM24','Unknown','2000-01-01','Music','Music','Organ Room',NULL,'on','PA','131','','','','',''),('40626','Tascam','MU24 Meter unit','Unknown','2000-01-01','Music','Music','Organ Room',NULL,'on','PA','131','','','','',''),('37636','Mackie','SRM450','Unknown','2000-01-01','Music','Music','Organ Room',NULL,'on','PA','131','','','','',''),('37635','Mackie','SRM450','Unknown','2000-01-01','Music','Music','Organ Room',NULL,'on','PA','131','','','','',''),('47373','Yamaha','MG16 6FX','KX02633','2004-01-01','Music','Music','Organ Room',NULL,'on','PA','131','','','','',''),('35724','Proxima','Desktop Projector 68','41A253902','2000-01-01','Music','Music','Organ Room',NULL,'on','PA','131','','','','',''),('36013','Proxima','Desktop Projector 68','41A263987','2000-01-01','Music','Music','Organ Room',NULL,'on','PA','131','','','','',''),('34849','Proxima','Desktop Projector 68','40F095155','2000-01-01','Music','Music','Organ Room',NULL,'on','PA','131','','','','',''),('37946','Primera','CD Color Printer','2010500601','2000-01-01','Music','Music','Organ Room',NULL,'on','PA','131','','','','',''),('28849','Kawai','Digital Piano PN60','Unknown','2000-01-01','Music','Music','Lab',NULL,'on','PA','133','','','','',''),('44884','Apple','17\" Macbook Pro','W86330FZTHY','2007-01-01','College','Performing Arts','Andre','Harrington','off','PA','121','10.4.11','0016cbc9aeed','0017f2446d6e','',''),('38393','Dell','GX240','4NFZG11','2002-01-01','College','Performing Arts','Catherine','Erickson','on','PA','118','Windows XP','00065ba1sede','','HP Deskjet D4260',''),('20037','Pfaff','138','119736','2000-01-01','Performing Arts','Performing Arts','Costume Shop',NULL,'on','PA','134','','','','','sewing machine'),('11588','Pfaff','138 6','Unknown','2000-01-01','Performing Arts','Performing Arts','Costume Shop',NULL,'on','PA','134','','','','','sewing machine'),('15074','Brother','MA4 B551','F0543744','2000-01-01','Performing Arts','Performing Arts','Costume Shop',NULL,'on','PA','134','','','','','sewing machine'),('35833','Pfaff','Tipmatic 6122','34814221','2000-01-01','Performing Arts','Performing Arts','Costume Shop',NULL,'on','PA','134','','','','','sewing machine'),('33124','Pfaff','Tipmatic 6122','34682674','2000-01-01','Performing Arts','Performing Arts','Costume Shop',NULL,'on','PA','134','','','','','sewing machine'),('45754','Whirlpool','Cabrio agi','Unknown','2008-01-01','Performing Arts','Performing Arts','Costume Shop',NULL,'on','PA','134','','','','','washing machine'),('45753','Whirlpool','Cabrio','Unknown','2000-01-01','Performing Arts','Performing Arts','Costume Shop',NULL,'on','PA','134','','','','','washing machine'),('44171','Apple','20\" iMac','QP62105EV4Q','2005-01-01','Music','Music','James','Radomski','on','PA','108','10.4.11','0016cb92c393','0016cbb19b05','HP Deskjet 940c',''),('14321','Denon','LP player','Unknown','1990-01-01','Music','Music','James','Radomski','on','PA','108','','','','',''),('13093','Kenwood','KA 3500','Unknown','1990-01-01','Music','Music','James','Radomski','on','PA','108','','','','',''),('42893','Dell','GX280','4DJYP71','2006-01-01','College','Music','Andrew','Crane','on','PA','207','Windows XP','00123f847e4d','','HP Deskjet 3845',''),('40948','Apple','Mac Pro','G8437NKMQPL','2007-01-01','Music','Music','Robert','Knop','on','PA','211','10.3.9','000d93b2d1ea','','HP Deskjet 935C',''),('43345','Apple','Mac Mini','YM5209LARHU','2002-01-01','College','Music','Larry','McFatter','on','PA','213','10.4.11','000d937abf52','','HP Deskjet D2330',''),('39164','Dell','GX240','3SQCP11','2002-01-01','College','Music','Part Time',NULL,'on','PA','215','Windows XP','00065b97eea9','','HP Deskjet D2330',''),('46188','Dell','Latitude D630','7CQQPD1','2006-01-01','College','Music','Stacey','Fraser','off','PA','217','Windows XP','001c2310b2be','001b77c4e54d','HP Deskjet D4260',''),('35945','Apple','PowerMac G4','XB10907EJ38','2000-01-01','College','Music','Music Society',NULL,'on','PA','219','10.4.7','','','',''),('38310','Dell','GX240','9NHZG11','2002-01-01','College','Performing Arts','Sara','Flis','on','PA','216','Windows XP','00065ba18e9e','','HP Deskjet 3940','Mikrotek ScanMaker X12 USL'),('38341','Dell','GX240','7LHZG11','2002-01-01','College','Performing Arts','Box Office',NULL,'on','PA','100','Windows XP','00065ba18b97','','','HP Scanjet 4070 Photosmart Scanner and Canon LiDE 70 Scanner'),('45148','Apple','20\" iMac','QP70617AVUW','2007-01-01','Performing Arts','Performing Arts','Box Office',NULL,'on','PA','100','10.4.11','0017f2cd3a6c','0019e30ea29e','HP Deskjet D2430',''),('44209','Apple','20\" iMac','W8607031U2P','2006-01-01','Music','Music','Box Office',NULL,'on','PA','100','10.4.11','0016cb8c2796','0016cb027562','',''),('44172','Epson','Stylus Photo R1800','GJXE061872','2006-01-01','Music','Music','Box Office',NULL,'on','PA','100','','','','',''),('44160','Apple','20\" iMac','QP6190BPV4Q','2006-01-01','College','Visual Arts','Suharu','Ogawa','on','VA','201','10.4.11','0016cb919620','0016cbb202e9','HP Laserjet 6MP',''),('40780','Apple','Mac Prp','YM420205RAG','2005-01-01','College','Visual Arts','VRC',NULL,'on','VA','201','10.4.11','000d93c2c7fc','','','Epson Perfection 4990 Photo'),('41352','Nikon','SF 210','200907','2006-01-01','Visual Arts','Visual Arts','VRC',NULL,'on','VA','201','','','','',''),('41351','Nikon','LS 5000 ED','212550','2005-01-01','Visual Arts','Visual Arts','VRC',NULL,'on','VA','201','','','','','slide scanner'),('44134','Apple','eMac','G85403M1SCH','2002-01-01','College','Visual Arts','VRC',NULL,'on','VA','201','10.4.11','0014511335a8','','',''),('47423','HP','Laserjet CP3505','CNBC82G0T0','2008-01-01','Visual Arts','Visual Arts','VRC',NULL,'on','VA','201','','001e0b07d401','','',''),('37492','HP','Laserjet 5000GN','JPC3018310','2005-01-01','Visual Arts','Visual Arts','VRC',NULL,'on','VA','201','','0001e653e69f','','',''),('48782','Epson','H295A','LSFF940674L','2008-01-01','Visual Arts','Visual Arts','VRC',NULL,'on','VA','201','','','','','projector'),('44810','Sharp','PG M10S','010416385','2006-01-01','Visual Arts','Visual Arts','VRC',NULL,'on','VA','201','','','','',''),('40598','Apple','iBook G4','UV4080PPPG','2004-01-01','Visual Arts','Visual Arts','VRC',NULL,'on','VA','201','10.3.9','000d9368087c','','',''),('44166','Apple','15\" Macbook Pro','W862027AVWY','2008-01-01','Visual Arts','Visual Arts','VRC',NULL,'on','VA','201','10.4.11','0016cbca5505','0016cbbaec5d','',''),('44135','Apple','eMac','G85403P6SCH','2004-01-01','Visual Arts','Visual Arts','VRC',NULL,'on','VA','201','10.4.11','001451132ff2','','',''),('44128','Apple','eMac','G85403LHSCH','2004-01-01','Visual Arts','Visual Arts','VRC',NULL,'on','VA','201','10.4.11','0014511330b8','','',''),('44129','Apple','eMac','G85403MESCH','2004-01-01','Visual Arts','Visual Arts','VRC',NULL,'on','VA','201','10.4.11','00145113314e','','',''),('40606','Apple','eMac','G84103CJPP1','2004-01-01','Visual Arts','Visual Arts','VRC',NULL,'on','VA','201','10.4.11','000a95d1114a','','',''),('44131','Apple','eMac','G85403PESCH','2004-01-01','Visual Arts','Visual Arts','VRC',NULL,'on','VA','201','10.4.11','00145113331e','','',''),('30989','Hartford 2000','AF 3','Unknown','2004-01-01','Visual Arts','Visual Arts','VRC',NULL,'on','VA','201','','','','','air cleaner'),('35115','Apple','PowerMac G4','XB0390DRJNX','2002-01-01','Visual Arts','Visual Arts','VRC',NULL,'on','VA','201','10.3.9','003065afda54','','',''),('35116','Apple','PowerMac G4','XB0390DJJNX','2002-01-01','Visual Arts','Visual Arts','VRC',NULL,'on','VA','201','10.3.9','003065a8c492','','',''),('33551','Panasonic','WE MV180A','95Z00129','2000-01-01','Visual Arts','Visual Arts','VRC',NULL,'on','VA','201','','','','','video imager'),('34779','Panasonic','WE MV180A','99ZZ0265','2000-01-01','Visual Arts','Visual Arts','VRC',NULL,'on','VA','201','','','','','video imager'),('18764','Polaroid','Spectra System','Unknown','1990-01-01','Visual Arts','Visual Arts','VRC',NULL,'on','VA','201','','','','',''),('14655','Nikon','FM 3022786','Unknown','2000-01-01','Visual Arts','Visual Arts','VRC',NULL,'on','VA','201','','','','','camera'),('29126','Panasonic','AG 520C','17AA20089','2000-01-01','Visual Arts','Visual Arts','VRC',NULL,'on','VA','201','','','','','TV VHS'),('30529','Sharp','XG NV3XU','804312361','2000-01-01','Visual Arts','Visual Arts','VRC',NULL,'on','VA','201','','','','','projector'),('34828','Panasonic','WE MV180A','96Z00189','2000-01-01','Visual Arts','Visual Arts','VRC',NULL,'on','VA','201','','','','','video imager'),('30480','Hammer','SLPRO4','SPE05 1371G8','1997-01-01','Visual Arts','Visual Arts','VRC',NULL,'on','VA','201','','','','','raid storage '),('29127','Buyers Industries Inc','FO1 21450','97 06 0209','2000-01-01','Visual Arts','Visual Arts','VRC',NULL,'on','VA','201','','','','','ChromaPro 45'),('29116','HP','Laserjet 6MP','USBB084589','2002-01-01','Visual Arts','Visual Arts','VRC',NULL,'on','VA','201','','','','',''),('44401','Apple','MacBook Pro','W86211RDVWY','2006-06-18','Philosophy','Philosophy','Jill','Buroker','off','UH','340','10.5','0016cb86ea81','','',''),('47702','Dell','Latitude D630','4HFKFG1','2008-06-01','Music','Music','Andrew','Crane','off','PA','207','Windows XP','001c23542cbd','','',''),('45269','Dell','Latitude D620','JK95KC1','2008-06-01','RAFFMA','RAFFMA','John','Fleeman','off','VA','103','Windows XP','00188bb5eb28','0019d26b2f5f','',''),('38305','Dell','GX240','6phzg11','2002-01-01','College','Performing Arts','Harlan','Jeglin','on','PA','143','Windows XP','00065ba18e34','','HP Deskjet D2360','Scene Shop'),('49515','Apple','MacBook Pro','W891255Q71A','2010-02-11','Music','Music','Randy','Hodges','on','PA','122','10.5.8','002500d008e2','00236c99eb59','HP LaserJet 1200 series',''),('39160','Dell','GX240','1RQCP11','2002-01-01','College','Music','Jon','Usher','on','PA','203','Windows 2000 Pro','00065b97f048','','HP DeskJet 648C',''),('45805','Dell','GX620','7BT3T91','2007-01-01','College','Music','Jeffrey','Boeckman','on','PA','209','Windows XP','00137277a65a','','HP DeskJet D2360',''),('49601','Dell','Inspiron mini 10','CCLQ4L1','2010-02-05','Performing Arts','Performing Arts','Terry','Smith','on','PA','117','Windows XP','0026b9a4b85d','c417febac29d','',''),('49602','Apple','iMac','W8008HQA5PC','2010-02-15','College','Performing Arts','Kathy','Ervin','on','PA','107','10.6','d49a20f5573c','7c6d627584dd','HP DeskJet 2660',''),('46410','Apple','MacBook Pro','w80093cx7xj','2010-02-15','College','Philosophy','Chris','Naticchia','off','UH','401.26','10.6','34159e12e5e0','f81edfe3beb2','',''),('46411','Apple','iMac','W8008GF15PC','2010-02-15','College','Visual Arts','VRC',NULL,'on','VA','201','10.6','d49a20f747a4','7c6d62757981','',''),('46412','Apple','iMac','w8008ht15pc','2010-02-15','College','Philosophy','Jill','Buroker','on','UH','Philos','10.6','d49a20f737f2','7c6d627590a2','',''),('46413','Apple','iMac','W8008HSY5PC','2010-02-15','College','Visual Arts','VRC',NULL,'on','VA','201','10.6','d49a20fc9b32','7c6d627584d4','',''),('46414','Apple','iMac','w8008hqc5pc','2010-02-15','College','Visual Arts','VRC',NULL,'on','VA','201','10.6','d49a20f75896','7c6d627590de','',''),('46415','Apple','iMac','W8008HQ65PC','2010-02-15','College','Visual Arts','VRC',NULL,'on','VA','201','10.6','34159e047b84','7c6d627584dc','',''),('46416','Apple','iMac','w8008gg85pc','2010-02-15','College','Visual Arts','VRC',NULL,'on','VA','201','10.6','d49a20f74c9e','7c6d62759285','',''),('48949','Apple','MacBook Pro','W89363GV642','2010-03-18','College','World Languages','Terri','Nelson','off','UH','314','10.6','0026b0df5db0','0026bb0889f2','HP DeskJet 3845',''),('49948','Epson','Powerlite 1716','M99F9X1000L','2010-05-03','Performing Arts','Performing Arts','Johanna','Smith','on','PA','104','','','','',''),('49749','Dell','Inspiron 11z','JBG10M1','2010-05-03','Performing Arts','Performing Arts','Johanna','Smith','on','PA','104','Windows 7 Home Premi','','','','Purchased with CUP grant'),('49603','Apple','iMac','W8015MUY5PC','2010-05-06','College','Visual Arts','VRC',NULL,'on','VA','201','10.6','34159e2a8e90','d830624bedda','','twentyone and one half inch screen'),('48961','Sony','Vaio PCG71312L','275237363047737','2010-05-26','English','English','Rong','Chen','off','UH','334','Windows 7 Home Premi','54424901d934','78dd08cc5690','','Gone to China with Rong'),('48963','Apple','MacBook','W80240LRF5X','2010-06-07','Music','Music','Todd','Johnson','on','PA','111','10.6','e80688df1be2','9027e4fd09b9','',''),('48964','Dell','Latitude E6510','B6R6RM1','2010-06-11','RAFFMA','RAFFMA','John','Fleeman','on','VA','103','Windows 7','0026b9dddcae','0023149919c4','',''),('46367','Apple','MacBook Pro 15','W87381P8X92','2007-09-27','College','Visual Arts','Beth','Steffel','off','VA','203','10.5','','','',''),('46359','Apple','MacBook Pro 15','W87341C6X92','2007-09-27','College','Visual Arts','Katherine','Gray','off','VA','206','10.4','','','',''),('46357','Apple','MacBook Pro 17','W873702UX94','2007-09-27','College','Visual Arts','Jiong','Li','off','VA','218','10.4','','','',''),('48971','Apple','MacBook','W80330KHGST','2010-09-07','Music','Music','Allen','Menton','off','PA','213','10.6','78ca390b0d66','60334b24e68f','',''),('49604','Apple','MacBook Pro','C02DF1XRDC7C','2010-09-23','College','Visual Arts','Kurt','Collins','off','VA','207','10.6','c42c03394bd9','c8bcc8d06b17','',''),('44578','Apple','MacBook Pro 15 216Gh','W86350RGVWZ','2007-09-03','College','Visual Arts','Brad','Spence','off','VA','219','10.5','0016cb9ca21d','0017f24c77b1','',''),('50331','Dell','LATITUDE E6510','73CF0P1','2010-12-01','World Languages','World Languages','Rafael ','Correa','off','UH','201.39','Windows 7','5c260a1f10ce','1c659d994d17','',''),('50170','Dell','Optiplex 980','BCEMNN1','2010-11-01','World Languages','World Languages','Cynthia','Moss','on','UH','314','Windows 7','842b2bb19fa2','','',''),('48972','Dell','Latitude 110l','6f7bj91','2007-01-01','College','College','Salaam','Yousif','off','UH','237','XP SP3','001422cddae8','00166f46b756','',''),('48973','lenovo','Lenovo','cbu3521247','2011-01-27','College','College','Martha','DiazGranados','off','UH','237','Windows 7','f07bcbf7dc61','002683bbbbd8','',''),('50589','Dell','Latitude E4310','9N7G1Q1','2011-04-27','RAFFMA','RAFFMA','Eva','Kirsch','off','VA','105A','Windows 7','5c260a4f80a7','68a3c4706965','',''),('50592','HP','ProBook 6560b','50592','2011-05-04','RAFFMA','RAFFMA','Rita','Schneider','on','VA','105','Windows 7','984be1ed0e4b','ac81126e8d18','',''),('50276','Apple','MacBook Pro 17','C02FR0K1DF92','2011-06-01','Visual Arts','Visual Arts','Brad','Spence','off','VA','219','10.6','','','',''),('50277','Apple','MacBook Pro 13','C02FR1CEDH2M','2011-06-01','Visual Arts','Visual Arts','Alison','Petty','off','VA','210','10.6','c82a14415089','e4ce8f2522do','',''),('50631','HP','Z210','2UA1210K5H','2011-05-22','RAFFMA','RAFFMA','Candace','Parks','on','VA','105','W7','2c27d71c8a5d','','',''),('50630','HP','Z210','2UA1210K5J','2011-05-22','RAFFMA','RAFFMA','Eva','Kirsch','on','VA','105A','W7','2c27d11c8a6b','','',''),('50827','HP','ProBook 6460b','cnu1234754','2011-06-17','Liberal Studies','Liberal Studies','Katherine','Thomerson','off','CE','114E','W7','643150985032','ac81126f0b35','',''),('50833','HP','Z210','2ua1240wvg','2011-06-22','RAFFMA','RAFFMA','Yvette','Menacho','on','VA','105','W7','2c27d71c9711','','',''),('51420','Apple','MacBook Pro','c02fjb3xdf8v','2011-08-08','Communication','Communication','Ece','Algan','off','UH','201.15','Mac OS 10.6.7','','e4ce8f056c62','',''),('51421','Apple','MacBook Pro','c02fxmqjdh2g','2011-08-08','Philosophy','Philosophy','Tom','Moody','off','UH','401.45','10.6.7','c82a144cd4e9','e4ce8f3a0a0c','',''),('51422','Apple','MacBook Pro','c02fk2rmdh2h','2011-08-08','Philosophy','Philosophy','Tony','Roy','off','UH','401.43','10.6.7','109add6374bd','e4ce8f3a561c','',''),('51423','Apple','MacBook Pro','c02fxmjndh2g','2011-08-08','Communication','Communication','Rueyling ','Chuang','off','UH','201.09','10.6.7','109add6b30e4','e4ce8f0bbabc','',''),('51424','Apple','MacBook Pro','c02fxmrqdh2g','2011-08-08','Philosophy','Philosophy','Susan','Finsen','off','UH','401.27','10.6.7','c82a144ca4c0','e4ce8f39d182','',''),('51425','Apple','MacBook','451263CHF5X','2011-07-11','World Languages','World Languages','Alysha','Timmons','off','UH','007','10.6.4','70cd60876e3c','e4ce8f7698d5','',''),('51287','HP','Z210 CMT Workstation','2UA12606KS','2011-07-30','Philosophy','Philosophy','Beverly','Gallo','on','UH','UH401.','W7','2c27d73b4f91','','',''),('51349','HP','ProBook 6560b','4cz1252fhg','2011-08-08','World Languages','World Languages','Araib','Mango','off','UH','401.43','W7','9c8e993df0d3','ac8112832083','',''),('50804','HP','Z210','2ua1211x9s','2011-09-14','Communication','Communication','Mihaela','Popescu','on','UH','201.12','','2c27d71c9ca7','','',''),('51426','Apple','iPad','DLXFKJDEDFHY','2011-09-15','Music','Music','Erik ','Jester','off','PA','209','Mac','','','',''),('51427','Apple','iMac','CO2FX19EDHJF','2011-09-15','Music','Music','Erik','Jester','on','PA','209','OS 10..6.8','e4ce8f5dbe9a','442a60e6575b','',''),('50806','HP','Z210','2ua1211x9a','2011-09-16','Communication','Communication','Brian','Heisterkamp','on','UH','201.13','W7 64bit','2c27d71c9e38','','',''),('51428','Apple','iMac','c17fp1n5dhjf','2011-09-19','Communication','Communication','Astrid','Sheil','on','UH','201.20','Mac OS ','c82a143353e9','e4ce8f597959','',''),('51429','Apple','Mac BookPro','c02fxmu5dh2g','2011-09-20','Philosophy','Philosophy','Matthew','Davidson','off','VA','228','Mac OS 10.6.7','e4ce8f3a0320','e4ce8f3a0321','',''),('51430','Apple','MacBook Pro','c02fx3v1df91','2011-09-20','Visual Arts','Visual Arts','Annie','Buckley','off','VA','213','OS 10.6.7','c82a14433lef','e4ce8f3951fc','',''),('50801','HP','Z210 CMT Work Statio','2ua1211x9q','2011-09-22','Music','Music','Kosta','Popovic','on','PA','207','W7','2c27d71c9ebe','','',''),('51394','Apple','MacBook Pro 15','W89130VC8Q1','2009-04-17','College','Visual Arts','Sant','Khalsa','on','VA','105','10.6','002500d005ba','00236c99d4ea','',''),('51395','Epson','EX5200 Projector','NEGF160227L','2011-09-01','College','Visual Arts','Annie','Buckley','on','VA','213','','','','',''),('51348','HP','BookPro','4cz1252fhk','2011-09-05','World Languages','World Languages','Ali','Miremadi','off','UH','201.40','w7','9c8e993ed1ef','ac811283189e','',''),('51396','Samsung','SF411','hggv93ub700021z','2011-10-18','College','English','Rong ','Chen','off','UH','334','w7 64 bit','e811326b9acc','8ca98294d7e2','',''),('51397','Apple','iMac','d25gk05qdhjt','2011-10-24','College','Communication','Coyote Chronicle',NULL,'on','UH','037','Mac OS','3c07542e0769','e4ce8f6558d7','',''),('51398','Apple','MacBook Pro 15','C02FJ3DYDF8X','2011-10-21','College','Communication','Brad','Owen','off','UH','201.21','10.6.8','70cd60f24bd6','e0f8473217d2','',''),('45967','Dell','Optiplex 745','10009381681','2007-01-01','College','World Languages','World Languages Office',NULL,'on','UH','007','XP','0019b92e0333','','','Student assistant\'s computer'),('51399','Apple','iMac','d25fp03vdhjp','2011-11-01','College','College','Eri','Yasuhara','on','UH','219','10.6.8','109add9e650a','c82a1421740b','',''),('51786','HP','ProBook 4530S','CNU2061QW3','2012-02-14','English','English','Brenda','Glascott','off','UH','301.39','Windows 7','2c41380ee936','88532eab126a','',''),('49605','Dell','Inspiron 15','13613734477','2012-02-21','College','RAFFMA','Stephanie','MacLean','on','VA','103','w7','24b6fd13919c','e4d53df248c3','',''),('49606','Apple','MacBook Pro 15','534048450690561','2012-03-16','English','English','Brenda','Glascott','off','UH','301.39','OS X','c82a144abc0f','e4ce8f249b3e','',''),('49607','Apple','iMac','C17FKHPWDHJF','2011-08-01','College','World Languages','Lab',NULL,'on','UH','009','OS X','c82a14250945','109adda68240','','World Language Lab'),('49608','Apple','iMac','C17FKHYRDHJF','2011-08-01','College','World Languages','Lab',NULL,'on','UH','009','OS X','c82a142491f4','109adda69467','','World Language Lab'),('52057','Apple','iMac','C17FKDETDHJF','2011-08-01','College','World Languages','Lab',NULL,'on','UH','009','OS X','c82a14245e2e','e4ce8f50a44d','','World Language Lab'),('52058','Apple','iMac','C17FM0GNDHJF','2011-08-01','College','World Languages','Lab',NULL,'on','UH','009','OS X','c82a142a9b4b','e4ce8f555d10','','World Language Lab'),('52059','Apple','iMac','C17FKJ9GDHJF','2011-08-01','College','World Languages','Lab',NULL,'on','UH','009','OS X','c82a14290136','109adda6946b','','World Language Lab'),('52060','Apple','iMac','C02FL2UZDHJF','2011-08-01','College','World Languages','Lab',NULL,'on','UH','009','OS X','c82a14290136','e4ce8f5410eb','','World Language Lab'),('52061','Apple','iMac','C17FN1X0DHJF','2011-08-01','College','World Languages','Lab',NULL,'on','UH','009','OS X','c82a1432b14f','e4ce8f573e06','','World Language Lab'),('52062','Apple','iMac','C17FKL75DHJF','2011-08-01','College','World Languages','Lab',NULL,'on','UH','009','OS X','c82a1423f1b1','e4ce8f53d18c','','World Language Lab'),('52064','Apple','MacBook Pro 17','C02H412NDV10','2012-02-20','College','College','Ken','Han','on','UH','047A','OS X Lion','3c075475b026','68a86d52f750','',''),('51959','Dell','Optiplex 990','J5QGMS1','2012-04-16','Visual Arts','Visual Arts','3D Printer',NULL,'on','VA','231','Windows 7 Pro','d4bed99b9db0','','',''),('51961','Dell','Optiplex 990','9XF3NS1','2012-04-16','College','Liberal Studies','PALS',NULL,'on','CE','114','Windows 7 Pro','d4bed99e9d83','','',''),('51962','Dell','Optiplex 990','9XF6NS1','2012-04-16','College','Liberal Studies','PALS',NULL,'on','CE','114','Windows 7 Pro','d4bed99e9acd','','',''),('51963','Dell','Optiplex 990','9XF4NS1','2012-04-16','College','World Languages','FLAGS Advising',NULL,'on','UH','007A','Windows 7 Pro','d4bed99e99c8','','',''),('51964','Dell','Optiplex 990','9XF5NS1','2012-04-16','College','English','EPIC',NULL,'on','UH','301.49','Windows 7 Pro','d4bed99ebbbf','','',''),('52065','Dell','Optiplex 990','CSQ4NS1','2012-04-19','Performing Arts','Performing Arts','Harlan','Jeglin','on','PA','144A','Windows 7','d4bed99e8525','','',''),('52066','Apple','iPad3 32GB WiFi','DMPHJLPDDVD2','2012-05-01','College','College','CAL Office',NULL,'on','UH','237','','','','',''),('52067','Apple','iPad3 32GB WiFi','DMPHJKSFDVD2','2012-05-01','College','College','CAL Office',NULL,'on','UH','237','','','','',''),('52068','Apple','MacBook Pro 15','C02HGDD7DV7L','2012-06-05','College','Music','Robert','Knop','on','PA','211','OS X Lion 10.7.3','406c8f1aa1c1','1040f3af94aa','','AppleCare Support Number 804049360258752'),('41088','Dell','Optiplex GX260','FD7KZ21','2003-01-01','College','Performing Arts','Harlan','Jeglin','on','PA','144A','CentOS 5.8','000bdb6b74f5','','','DHCP for Microphone system'),('52069','Apple','iMac 21inch','C17FKHWNDHJF','2011-09-01','English','English','Chad','Sweeney','on','UH','301.19','OS X Lion','c82a14250925','109adda6af80','',''),('51400','Apple','MacBook Pro 15','C02HP253DV35','2012-06-09','College','Communication','Ahlam','Muhtaseb','off','UH','201.23','OS X Lion ','406C8F315688','7CD1C36E3848','',''),('52433','Dell','Optiplex 990','8CD15V1','2012-06-26','College','Music','Bradley','Hampton','on','PA','119','Windows 7 Pro x64','5CF9DD74877F','','',''),('52432','Dell','Optiplex 990','8CD05V1','2012-06-16','College','Music','Jon','Usher','on','PA','203','Windows 7 Pro x64','5CF9DD748437','','',''),('52431','Dell','Optiplex 990','8CD45V1','2012-06-16','College','English','Renee','Pigeon','on','UH','301.23','Windows 7 Pro x64','5CF9DD745BB0','','',''),('51406','Apple','MacBook Pro 15','C02HX14CF1G3','2012-06-09','College','College','Rigo','Solorio','on','UH','47','OS X','406C8F497E32','7CD1C385DF14','',''),('52426','Dell','Optiplex 990','JB6V4V1','2012-06-16','College','RAFFMA','Paige','Taylor','on','VA','105','Windows 7 Pro x64','5CF9DD736B61','','',''),('51401','Apple','MacBook Pro 15','C02HX3UADV33','2012-06-09','College','English','Julie','Paegle','off','UH','301.42','OS X 10.7','406C8F4E6D39','7CD1C3866D72','','i7 23GHz 4GB 500HDD'),('51402','Apple','MacBook Pro 15','C02HL7XQDV33','2012-06-09','College','English','Holly','Henry','off','UH','301.42','OSX 10.7','406C8F23D6C2','1040F3EEBB94','','i7 23GHz 4GB 500 HDD'),('51404','Apple','MacBook Pro 15','C02HX0VWF1G4','2012-06-09','College','Visual Arts','George','McGinnis','off','VA','209','OSX 10.7','406C8F4E8365','7CD1C388A476','','i7 26GHz 8GB CTO'),('51405','Apple','MacBook Pro 15','C02HP25KDV35','2012-06-09','College','Performing Arts','Andre','Harrington','off','PA','121','OSX 10.7','406C8F335E07','7CD1C36E5E5E','','i7 26GHz 8GB 750HDD'),('52045','Apple','MacBook Pro 15','C02HL7WUDV33','2012-06-09','College','College','Jennifer','Andersen','off','UH','216','OSX 10.7','406C8F26464E','1040F3EEC27C','','i7 23GHz 4GB 500HDD'),('52046','Apple','MacBook Pro 15','C02HX06VF1G4','2012-06-09','College','Visual Arts','Thomas','McGovern','off','VA','211','OSX 10.7','406C8F4EC253','7CD1C3866CDC','','i7 26GHz 8GB CTO'),('52047','Apple','MacBook Pro 17','C02HN0R8DV11','2012-06-09','College','Communication','Michael','Salvador','off','UH','017','OSX 10.7','406C8F22B97C','1040F3AC1BB8','','i7 24GHz 4GB 750HDD'),('52048','Apple','MacBook Pro 15','C02HX0Z6F1G4','2012-06-09','College','Visual Arts','Sant','Khalsa','off','VA','105B','OSX 10.7','406C8F4E82EF','7CD1C387FE62','','i7 26GHz 8GB CTO'),('52049','Apple','MacBook Pro 13','C1MHWPPMDTY3','2012-06-09','College','Visual Arts','Heather','Lowe','off','VA','201D','OSX 10.7','406C8F49BD53','7CD1C380BAE8','','i7 25GHz 4GB 500HDD'),('52051','Apple','MacBook Pro 15','C02HR5GLDV35','2012-06-09','College','World Languages','Alysha','Timmons','on','UH','7','OSX 10.7','406C8F3B5A2D','7CD1C372249E','','i7 26GHz 8GB 750HDD'),('52053','Apple','MacBook Pro 15','C02J26HBDV35','2012-06-09','College','Philosophy','Chris','Naticchia','off','UH','401.26','OSX 10.7','406C8F535AC2','7CD1C3980EBA','','i7 26GHz 8GB 750HDD'),('52055','Apple','iMac 21','C02HG22JDHJF','2012-06-09','College','Music','James ','Radomski','on','PA','108','OSX 10.7','406C8F19D7C5','7CC3A1AB6016','','i5 25GHz 4GB 500HDD'),('52056','Apple','iMac','C02HG24UDHJF','2012-06-09','College','Music','Reyes','Diana','on','PA','145','OSX 10.7','406C8F164880','7CC3A1AB6011','','21 Inch 25GHz 4GB 500HDD'),('51403','Apple','MacBook Pro 15','C02HL7XZDV33','2012-06-09','College','Music','Choeun','Lee','off','PA','214','OSX 10.7','406C8F26745E','1040F3EED8DE','',''),('52050','Apple','MacBook Pro 15','C02HR4H1DV35','2012-06-09','College','Performing Arts','Harlan','Jeglin','off','PA','142A','OSX 10.7','406C8F3C47CD','7CD1C36E4EA6','',''),('52031','Apple','iPad 16GB','DYTHNAREDJ8T','2012-08-21','College','College','CAL Office',NULL,'on','UH','237','iOS 5','','64200C67E379','',''),('52032','Apple','iPad 16GB','DMPHPKQ4DJ8T','2012-08-21','College','College','Ken','Han','off','UH','047A','iOS 5','','64200C54563E','',''),('62033','Apple','iMac 21','C02HK1QRDHJN','2012-06-09','College','English','Wendy','Smith','on','UH','301.3','OSX 10.7','406C8F274944','7CC3A1AECA11','',''),('32034','Apple','iMac 21','D25HX0X3DHJT','2012-06-09','College','Visual Arts','Heather','Lowe','on','PA','201D','OSX 10.7','406C8F327E47','7CC3A1B1DF33','',''),('52429','Dell','Optiplex 990','8CCY4V1','2012-06-16','College','World Languages','Alysha','Timmons','on','UH','007','Windows 7 Profession','5CF9DD748387','','',''),('32035','Apple','iMac 27','D25HX0WVDHJW','2012-06-09','College','Visual Arts','Photo Lab',NULL,'on','VA','112','OSX 10.7','406C8F27F950','7CC3A1B1C6FE','','Student use'),('32036','Apple','iMac 21','C02HK1QXDHJN','2012-06-09','College','English','Lab',NULL,'on','UH','053','OSX 10.7','3C075444FFD9','7CC3A1AEC960','',''),('42039','Apple','MacBook Pro 15','C02HRAC0DV33','2012-06-09','Philosophy','Philosophy','John','Mumma','on','UH','401.46','OSX 10.7','406c8f4045f2','7cd1c36df5cc','',''),('48980','Apple','iMac 27','C02GY2X1DHJQ','2012-12-04','Visual Arts','Visual Arts','Richard ','Johnston','on','VA','205','OSX 10.7','3c0754660928','c02gy2x1dhjq','',''),('52882','Apple','Mac Mini','C07HX0HFDJD3','2012-07-28','College','Communication','Lab',NULL,'on','UH','043','OSX 10.7','406c8f48698b','804971158677','','Communication studies'),('52883','Apple','Mac Mini','C07HX0H1DJD3','2012-07-28','College','Communication','Lab',NULL,'on','UH','043','OSX 10.7','406c8f486757','804971169401','','Communication studies'),('52884','Apple','Mac Mini','C07HX0GYDJD3','2012-07-28','College','Communication','Lab',NULL,'on','UH','43','OSX 10.7','406c8f487377','80497116944f','','Communication studies'),('52885','Apple','Mac Mini','C07HX0HADJD3','2012-07-28','College','Communication','Lab',NULL,'on','UH','043','OSX 10.7','406c8f487301','8049711693fd','','Communication studies'),('52886','Apple','Mac Mini','C07HX0HKDJD3','2012-07-28','College','Communication','Lab',NULL,'on','UH','043','OSX 10.7','406c8f486b06','804971158117','','Communication studies'),('52887','Apple','Mac Mini','C07HX0DPDJD3','2012-07-28','College','Communication','Lab',NULL,'on','UH','043','OSX 10.7','406c8f48747c','80497115c319','','Communication studies'),('52888','Apple','Mac Mini','C07HX0HHDJD3','2012-07-28','College','Communication','Lab',NULL,'on','UH','043','OSX 10.7','406c8f4868a4','80497115847b','','Communication studies'),('52889','Apple','Mac Mini','C07HX0HLDJD3','2012-07-28','College','Communication','Lab',NULL,'on','UH','043','OSX 10.7','406c8f486a11','804971158477','','Communication studies'),('52890','Apple','Mac Mini','C07HX0FQDJD3','2012-07-28','College','Communication','Lab',NULL,'on','UH','043','OSX 10.7','406c8f487612','80497115c8a9','','Communication studies'),('52891','Apple','Mac Mini','C07HX0HJDJD3','2012-07-28','College','Communication','Lab',NULL,'on','UH','043','OSX 10.7','406c8f486976','80497115adc9','','Communication studies'),('52892','Apple','Mac Mini','C07HX0HRDJD3','2012-07-28','College','Communication','Lab',NULL,'on','UH','043','OSX 10.7','406c8f4865c9','804971158657','','Communication studies'),('52893','Apple','Mac Mini','C07HX0H0DJD3','2012-07-28','College','Communication','Lab',NULL,'on','UH','043','OSX 10.7','406c8f486914','804971169433','','Communication studies'),('52894','Apple','Mac Mini','C07HX0HNDJD3','2012-07-28','College','Communication','Lab',NULL,'on','UH','043','OSX 10.7','406c8f4875a3','80497115862f','','Communication studies'),('52895','Apple','Mac Mini','C07HX0FFDJD3','2012-07-28','College','Communication','Lab',NULL,'on','UH','043','OSX 10.7','406c8f48c2d6','80497115b063','','Communication studies'),('48982','Apple','iPad 16GB WiFi','DMPHQKL7DJ8T','2012-08-01','College','College','Erika','Quinonez','on','UH','201.28','iOS','','64200c8b5e5d','',''),('48983','Apple','iPad 16GB WiFi','DYTJ621GDJ8T','2012-08-01','College','College','Jennifer','Andersen','on','UH','301.36','iOS','','b065bde03858','',''),('48981','Apple','iPad 16GB WiFi','DMPHQLHXDJ8T','2012-08-01','College','College','Georgia','Pallas','on','UH','314','iOS 7.1','','60200c94a584','',''),('48984','Apple','iPad 16GB WiFi','DMPHWJMUDJ8T','2012-08-01','College','English','Andrew','Castillo','on','UH','334','iOS','','b065bd2d2052','',''),('52876','Apple','iPad 16GB WiFi','DMRHV2E4DJ8T','2012-08-01','College','Visual Arts','Yvette','Menacho','on','VA','105','iOS','','b065bd12ebfb','',''),('52877','Apple','iPad 16GB WiFi','DMPHWQDDJ8T','2012-08-01','College','Communication','Linda','Sand','on','UH','018','iOS','','b065bd18dad7','',''),('52879','Apple','iPad 16GB WiFi','DMRHV7AADJ8T','2012-08-01','College','Music','Lisa','DeMarco','on','PA','111','iOS','','b065bd293afe','',''),('52880','Apple','iPad 16GB WiFi','DMPHVYH9DJ8T','2012-08-01','College','Performing Arts','Crystal','Escalera','on','PA','111','iOS','','b065bd16bf1f','',''),('52881','Apple','iPad 16GB WiFi','DMPHWJSXDJ8T','2012-08-01','College','World Languages','Tania','Quesada','on','UH','314','iOS','','b065bd27941a','','Cynthia returned iPad on 5-9-2014'),('52878','Apple','iPad 16GB WiFi','DMPHWQBCDJ8T','2012-08-01','College','Liberal Studies','Patrick','Nicholson','on','CE','114','iOS','','b065bd10b0e5','',''),('52896','Apple','Mac Mini','C07HX04ZDJD3','2012-07-28','College','Communication','Lab',NULL,'on','UH','043','OSX 107','406c8f4880ca','80497115a31b','','Communication studies'),('52897','Apple','Mac Mini','C07HX0DNDJD3','2012-07-28','College','Communication','Lab',NULL,'on','UH','043','OSX 107','406c8f487699','80497115c925','','Communication studies'),('52898','Apple','Mac Mini','C07HX0HBDJD3','2012-07-28','College','Communication','Lab',NULL,'on','UH','043','OSX 10.7','406c8f4876fe','804971169f61','','Communication studies'),('52899','Apple','Mac Mini','C07HX0GXDJD3','2012-07-28','College','Communication','Lab',NULL,'on','UH','043','OSX 10.7','406c8f4869c4','804971169e39','','Communication studies'),('52900','Apple','Mac Mini','C07HX0H2DJD3','2012-07-28','College','Communication','Lab',NULL,'on','UH','043','OSX 10.7','406c8f486796','804971169f55','','Communication studies'),('52901','Apple','Mac Mini','C07HX0HMDJD3','2012-07-28','College','Communication','Lab',NULL,'on','UH','043','OSX 10.7','406c8f48699c','804971158633','','Communication studies'),('52902','Apple','Mac Mini','C07HX0GBDJD3','2012-07-28','College','Communication','Lab',NULL,'on','UH','043','OSX 10.7','406c8f4869af','804971169405','','Communication studies'),('52905','Apple','iPad 16GB WiFi','DMPHWJRJDJ8T','2012-08-01','College','College','Karen','Eastman','on','UH','203','iOS','','b065bd274bdf','',''),('52906','Apple','iPad 16GB WiFi','DMRHV7BUDJ8T','2012-08-01','College','Music','Garry','Fish','on','PA','124','iOS','','64200cf26583','',''),('52907','Apple','iPad 16GB WiFi','iPad 16GB WiFi','2012-08-01','College','Visual Arts','Nate','Dubbs','on','VA','215','iOS','','b065bd2af7de','',''),('48979','Apple','iPad 3','DMQHNBQNDJ8T','2012-08-01','College','Philosophy','Rachel','Siordia','on','UH','339','OS','','64200c9b0a2e','',''),('52908','Apple','Mac Mini','C07JM5G8DWYL','2013-01-08','College','English','English Office',NULL,'on','UH','54','OSX 10.8.2','000a41191e40','88539528145b','',''),('52909','Apple','Mac Mini','C07M5FVDWYL','2013-01-08','College','English','English Office',NULL,'on','UH','54','OSX 10.8.2','a820662e63fc','885395281689','',''),('52910','Apple','Mac Mini','C70JM5HYDWYL','2013-01-08','College','English','English Office',NULL,'on','UH','54','OSX 10.8.2','a8206634d11d','20c9d09761c5','','0000034822'),('52911','Apple','Mac Mini','C70JM5Q4DWYL','2013-01-08','College','English','English Office',NULL,'on','UH','54','OSX 10.8.2','a82066319b24','885395283f9d','','po 0000034822'),('52912','Apple','Mac Mini','C07JM5JLDWYL','2013-01-08','College','English','English Office',NULL,'on','UH','54','OSX 10.8.2','a8206634c899','20c9d09802b3','','po 0000034822'),('52913','Apple','Mac Mini','C07JM4PSDWYL','2013-01-08','College','English','English Office',NULL,'on','UH','54','OSX 10.8.2','a8206632097e','20c9d098034f','','po 0000034822'),('52914','Apple','Mac Mini','C07JM5GCDWYL','2013-01-08','College','English','English Office',NULL,'on','UH','54','OSX 10.8.2','a8206631a233','8853952816e1','','po 0000034822'),('52915','Apple','Mac Mini','C07JM5HCDWYL','2013-01-08','College','English','English Office',NULL,'on','UH','54','OSX 10.8.2','a8206631f623','20c9d097a709','','po 0000034822'),('52917','Apple','Mac Mini','C07JM5HEDWYL','2013-01-08','College','English','English Office',NULL,'on','UH','54','OSX 10.8.2','a8206631efa0','8853952812bd','','po 0000034822'),('52916','Apple','Mac Mini','C07JM4J5DWYL','2013-01-08','College','English','English Office',NULL,'on','UH','54','OSX 10.8.2','a8206631bea7','20c9d097858b','','po 0000034822'),('52918','Apple','Mac Mini','C07JM5H5DWYL','2013-01-08','College','English','English Office',NULL,'on','UH','54','OSX 10.8.2','a8206631a3d5','8853952816ff','','po 0000034822'),('52919','Apple','Mac Mini','C07JM5LNDWYL','2013-01-08','College','English','English Office',NULL,'on','UH','54','OSX 10.8.2','a8206634c796','885395283a5d','','po 0000034822'),('52920','Apple','Mac Mini','C07JM3URDWYL','2013-01-08','College','English','English Office',NULL,'on','UH','54','OSX 10.8.2','a8206634c08d','885395280fe1','','po 0000034822'),('52921','Apple','Mac Mini','C07JM5GXDWYL','2013-01-08','College','English','English Office',NULL,'on','UH','54','OSX 10.8.2','a8206631fa75','885395281425','','po 0000034822'),('52922','Apple','Mac Mini','C07JM5HQDWYL','2013-01-08','College','English','English Office',NULL,'on','UH','54','OSX 10.8.2','a8206631a0d1','20c9d09761b9','','po 0000034822'),('52923','Apple','Mac Mini','C07JM5GNDWYL','2013-01-08','College','English','English Office',NULL,'on','UH','54','OSX 10.8.2','a8206631efb4','885395281471','','po 0000034822'),('52924','Apple','Mac Mini','C07JM5GGDWYL','2013-01-08','College','English','English Office',NULL,'on','UH','54','OSX 10.8.2','a820662e616c','885395280fab','','po 0000034822'),('52925','Apple','Mac Mini','C07JM5GYDWYL','2013-01-08','College','English','English Office',NULL,'on','UH','54','OSX 10.8.2','a8206631a2f0','88539528146f','','po 0000034822'),('52926','Apple','Mac Mini','C07JM5DLDWYL','2013-01-08','College','English','English Office',NULL,'on','UH','54','OSX 10.8.2','a8206631a38a','885395283bbd','','po 0000034822'),('52927','Apple','Mac Mini','C07JM5REDWYL','2013-01-08','College','English','English Office',NULL,'on','UH','54','OSX 10.8.2','a8206634c698','20c9d097a8e5','','po 0000034822'),('52928','Apple','Mac Mini','C07JM5JGDWYL','2013-01-08','College','English','English Office',NULL,'on','UH','54','OSX 10.8.2','a8206634d015','20c9d09761b1','','po 0000034822'),('52929','Apple','Mac Mini','C07JM4MADWYL','2013-01-08','College','English','English Office',NULL,'on','UH','54','OSX 10.8.2','a82066321440','885395281061','','po 0000034822'),('52930','Apple','Mac Mini','C07JD23YDWYL','2013-01-08','College','English','English Office',NULL,'on','UH','54','OSX 10.8.2','a820661a1830','20c9d09206df','','po 0000034822'),('52931','Apple','Mac Mini','C07JCC71DWYL','2013-01-08','College','English','English Office',NULL,'on','UH','54','OSX 10.8.2','a820661213cc','20c9d091ac13','','po 0000034822'),('52932','Apple','Mac Mini','C07JM4J7DWYL','2013-01-08','College','English','English Office',NULL,'on','UH','54','OSX 10.8.2','a8206631a450','20c9d09761c9','','po 0000034822'),('52933','Apple','Mac Mini','C07JM5MXDWYL','2013-01-08','College','English','English Office',NULL,'on','UH','54','OSX 10.8.2','a8206634c80e','8853952836ab','','po 0000034822'),('47394','Apple','MacBook Air','c02kf04vdrv9','2013-03-26','Music','Music','Stacey','Fraser','off','PA','217','Mac OS 10.8.3','28cfe94ccfb2','28cfe94ccfb1','',''),('53230','Dell','Optiplex 9010','BCB4GX1','2013-05-31','College','Communication','Heather','Hundley','on','UH','201.14','Windows 7 Profession','b8ca3a857a77','','',''),('53231','Dell','Optiplex 9010','BC94GX1','2013-05-31','College','English','Deshea','Rushing','on','UH','301.21','Windows 7 Profession','b8ca3a857cf7','','',''),('53232','Dell','Optiplex 9010','BCC2GX1','2013-05-31','College','English','Lab',NULL,'on','UH','055','Windows 7 Profession','b8ca3a857d2e','','','Computer Lab'),('53233','Dell','Optiplex 9010','BCB3GX1','2013-05-31','College','Communication','Linda','Sand','on','UH','018','Windows 7 Profession','b8ca3a85790f','','',''),('53234','Dell','Optiplex 9010','BCC3GX1','2013-05-31','College','English','Lab',NULL,'on','UH','055','Windows 7 Profession','b8ca3a857d26','','','Computer Lab'),('53235','Dell','Optiplex 9010','BCD2GX1','2013-05-31','College','English','Cynthia','Cotter','on','UH','301.02','Windows 7 Profession','b8ca3a857d35','','',''),('53236','Dell','Optiplex','BC92GX1','2013-05-31','College','English','Juan','Delgado','on','UH','301.12','Windows 7 Profession','b8ca3a857c86','','',''),('53237','Dell','Optiplex 9010','BCB2GX1','2013-05-31','College','English','James','Brown','on','UH','301.15','Windows 7 Profession','b8ca3a857d4a','','',''),('53238','Dell','Optiplex 9010','BC93GX1','2013-05-31','College','Communication','CAL Office',NULL,'on','UH','019','Windows 7 Profession','b8ca3a857c7b','','','Communications Office'),('53239','Dell','Optiplex 9010','BCC4GX1','2013-05-31','College','English','Treadwell','Ruml','on','UH','301.28','Windows 7 Profession','b8ca3a857d1d','','',''),('53241','Dell','Optiplex 9010','BCF2GX1','2013-05-31','College','English','David','Marshall','on','UH','301.14','','b8ca3a857c8d','','',''),('52240','Dell','Optiplex 9010','67J4GX1','2013-05-31','College','Philosophy','Rachel','Siordia','on','UH','339','Windows 7 Profession','b8ca3a7ed1a1','','','Small form factor'),('52627','Dell','Optiplex 9010','DK75GX1','2013-05-31','College','College','Salaam','Yousif','on','UH','237','Windows 7','b8ca3a7ee611','','','Small form factor'),('52628','Dell','Optiplex 9010','DK68GX1','2013-05-31','College','College','Martha','DiazGranados','on','UH','237','Windows 7 Profession','b8ca3a7ede1f','','','Small form factor'),('52625','Dell','Optiplex 9010','DK77GX1','2013-05-31','College','College','Stephanie','Cardenas','on','UH','237','Windows 7 Profession','b8ca3a7ee0a6','','','Small form factor'),('52626','Dell','Optiplex 9010','DK76GX1','2013-05-31','College','College','CAL Office',NULL,'on','UH','237','Windows 7 Profession','b8ca3a7ebccf','','','Small form factor'),('53297','Dell','Inspiron 5521','8R3PDW1','2013-05-31','College','English','Luz Elena','Ramirez','off','UH','301.44','Windows Home Premium','e0d855d78755','606c66609131','',''),('53378','Apple','MacBook Pro 15inch','C02KFB3MDV33','2013-06-07','RAFFMA','RAFFMA','Natasha','Hemmings','off','VA','105','Mac OSX 10.8.4','10ddb1bbe579','28cfe9548f1b','',''),('53377','Apple','MacBook Pro 15inch','C02KG4YHDV33','2013-06-12','College','College','Stephanie','Cardenas','off','UH','237','Mac OSX 10.8.4','10ddb1bc0266','28cfe9579079','',''),('52935','Apple','MacBook Air 13inch','C02JF9M2DRVC','2013-06-13','College','Liberal Studies','Patrick','Nicholson','off','CE','114','Mac OSX 10.8.4','','00000c07ac79','',''),('52934','Apple','MacBook Air 11inch','C17KTXQRF5N7','2013-06-13','College','Liberal Studies','Katherine','Thomerson','off','CE','114E','Mac OSX 10.8.4','','84383547ef50','',''),('52937','Apple','iMac 27inch','C02KP18RDNCV','2013-06-13','College','Liberal Studies','Patrick','Nicholson','on','CE','114','Mac OSX 10.8.4','000a41191e40','ec35864e9a16','',''),('52936','Apple','iMac 27inch','C02KP0TRDNCV','2013-06-13','College','Liberal Studies','Katherine','Thomerson','on','CE','114E','Mac OSX 10.8.4','000a41191e40','ec35864e4a82','',''),('52940','Apple','MacBook Pro 15inch','C02KC7EZDV33','2013-07-04','College','English','Parastou','Feiz','off','UH','301.45','Mac OSX 10.8.4','10ddb1b8166d','00000c07acb0','',''),('52939','Apple','MacBook Pro 15inch','C02KC7DUDV33','2013-07-04','College','Communication','Mary','Fong','off','UH','201.16','Mac OSX 10.8.4','000a41191e40','4c8d79ef091c','',''),('53374','Apple','iPad 32 GB','DMPKQMJGF183','2013-06-13','College','Philosophy','Tony','Roy','off','UH','401.43','iOS','','04e53628c2b0','',''),('53373','Apple','iPad 64 GB','DLXJG0SKF184','2013-06-13','College','Philosophy','Chris','Naticchia','off','UH','401.26','iOS','','98fe9461e16a','',''),('53375','Apple','iPad 32 GB','DMPKQRKRF183','2013-06-13','College','Philosophy','John','Mumma','off','UH','401.46','iOS','','04e536291c48','',''),('53376','Apple','iPad 32 GB','DMPKQ5A9F183','2013-06-13','College','Philosophy','Matthew','Davidson','off','VA','228','iOS','','04e5362264cf','',''),('53380','Apple','iMac 21inch','C17KG8HEDNCR','2013-06-13','College','Philosophy','Jill','Buroker','on','UH','340','Mac OSX 10.8.4','10ddb1b700b6','ec35863fc590','',''),('53379','Apple','iMac 21inch','C17KG6MQDNCR','2013-06-13','College','Communication','Donna','Gotch','on','UH','201.24','Mac OSX 10.8.4','000a41191e40','ec35863f6be8','',''),('53381','Apple','MacBook Air 13inch','C02L43N6F6T6','2013-07-29','College','College','Terry','Ballman','off','UH','237','Mac OSX 10.8.4','','84383561a05a','',''),('53382','Apple','iMac 27inch','D25L40LNDNMP','2013-07-29','College','College','Terry','Ballman','on','UH','237','Mac OSX 10.8.4','1022b12beb96','ec358653ad28','',''),('53383','Apple','iPad 128 GB','DMPKTOUMFCYG','2013-08-01','College','College','Terry','Ballman','off','UH','237','iOS','','04e536417495','',''),('46094','Dell','Latitude D620','CN0KX350129617595567','2007-06-26','World Languages','World Languages','MMLC',NULL,'on','UH','007','Windows','00188bd06c4e','001b7723b7eb','','Was marked as disposed but found in Dr Choi office\nWas reinstated by Charlene in Property Mgmt'),('53240','Dell','OptiPlex9010','67J4GX1','2013-05-31','College','Philosophy','Philosophy Office',NULL,'on','UH','339','Windows 7','b8ca3a7ed1a1','','','Student assistant\'s computer'),('53425','Apple','iMac 27inch','C02K5836DNCV','2013-06-01','College','Performing Arts','Lab',NULL,'on','PA','227','Mac OSX 10.8.4','10ddb19d51d8','8c2daa5a4001','',''),('53426','Apple','iMac 27inch','C02KP1D4DNCV','2013-06-01','College','Performing Arts','Lab',NULL,'on','PA','227','Mac OSX 10.8.4','10ddb1cee749','ec35865023f8','',''),('53427','Apple','iMac 27inch','C02KH96WDNCV','2013-06-01','College','Performing Arts','Lab',NULL,'on','PA','227','OSX 10.8.4','a8206632e0d4','ec3586421f4c','',''),('52938','Samsung','Ultrabook 900X4C','HU7R916D00024','2013-09-01','College','Visual Arts','Jane','Chin Davidson','off','VA','214','Windows 7','1867b03c1477','c8f733cda5b9','',''),('53428','Apple','iMac 27inch','C02KH976DNCV','2013-06-01','College','Performing Arts','Lab',NULL,'on','PA','227','Mac OSX 10.8.4','000241191e40','ec3586459732','',''),('53429','Apple','iMac 27inch','C02KP1KSDNCV','2013-06-01','College','Performing Arts','Lab',NULL,'on','PA','227','Mac OSX 10.8.4','000a41191e40','ec3586508a00','',''),('53430','Apple','iMac 27inch','C02KH959DNCV','2013-06-01','College','Performing Arts','Lab',NULL,'on','PA','227','Mac OSX 10.8.4','000a41191e40','ec3586459456','',''),('53431','Apple','iMac 27inch','C02KN2BUDNCV','2013-06-01','College','Performing Arts','Lab',NULL,'on','PA','227','Mac OSX 10.8.4','000a41191e40','ec358649e822','',''),('53438','Apple','iMac 21inch','C02KF4HNDNCT','2013-09-02','College','College','John','Russell','on','PA','207','Mac OSX 10.8.5','000a41191e40','ec358637c734','',''),('53439','Apple','iMac 21inch','C02KF43TDNCT','2013-08-04','College','English','Felicia','Lemus','on','UH','301.20','Mac OSX 10.8.5','10ddb1bef12f','ec3586378c0a','',''),('53540','Dell','Optiplex 9010','9Q51BY1','2013-09-16','College','World Languages','Bibiana','Diaz Rodriguez','on','UH','201.29','Windows 7 Profession','b8ca3aad8a15','','',''),('53541','Dell','Optiplex 9010','9Q5Z9Y1','2013-09-16','College','World Languages','Maria','Garcia Puente','on','UH','201.47','Windows 7 Profession','b8ca3aa29948','','',''),('53432','Apple','MacBook Pro','C02LD4L7FFT0','2013-09-01','College','English','May Lee','Chai','on','UH','301.35','Mac OSX 10.8.3','','00000c07ac79','',''),('54085','Apple','iPad Air 64GB','DMPM12BYFK12','2014-01-16','Communication','Communication','Mihaela','Popescu','off','UH','201.17','iOS 7','','','',''),('41944','Apple','MacBook Pro 15 Retin','C02LRLRHFD57','2014-02-05','Music','Music','Erik','Jester','off','PA','209','OSX 10.9','','600308914bc8','',''),('54293','Apple','MacBook Pro','C02LF2RCFD56','2014-04-10','Communication','Communication','Rod','Metts','off','UH','401.10','Mac OSX 10.9','','00000c9ff0e8','',''),('41952','Apple','MacBook Pro 13 inch','cpwm31x5dty3','2014-05-02','Music','Music','Erik','Jester','off','PA','209','OSx Mavericks','685b35b4d380','600308ec6170','',''),('54519','Dell','OptiPlex 9020','5GMQL02','2014-04-30','College','English','Dorothea','Cartwright','on','UH','303','Windows 7','3417eb99d63a','','',''),('54520','Dell','Optiplex 9020','5GNNL02','2014-04-30','College','English','Chad','Luck','on','UH','301.43','Windows 7','3417eb9a5e9c','','',''),('54518','Dell','Optiplex 9020','5GMTL02','2014-04-30','College','English','Jessica','Luck','on','UH','301.10','Windows 7','3417eb99a4c6','','',''),('54608','Apple','MacBook Pro','CPWM31XRDTY3','2014-05-13','College','English','Caroline','Vickers','off','UH','301.31','OS X Mavericks','685b35b498bf','600308ec6188','',''),('54611','Apple','Mac Mini','C07M30XPDWYM','2014-04-26','College','World Languages','Elizabeth','Martin','on','UH','201.30','OSX 10.9','685b35b6b797','a886dda7c39f','',''),('54612','Apple','Mac Mini','C07L81CTDWYM','2014-05-02','College','World Languages','Aurora','Wolfgang','on','UH','201.46','OSX 10.8','685b357f06a0','28cfe90d828d','',''),('54609','Apple','iPad Air','DMQLXLHLFK11','2014-05-05','College','Music','Lab',NULL,'on','PA','224','iOS 7.0.4','','54ae2733ff42','','In PA 224'),('54537','Dell','Latitude','JHZRYZ1','2014-05-10','College','World Languages','Kareen ','Gervasi','off','UH','201.30','Windows 7','ecf4bb2fe4c6','b8ee654c5a4b','',''),('54534','Dell','Latitude e5440','1C0SYZ1','2014-05-10','College','World Languages','Rafael','Correa','off','UH','201.39','Windows 7','ecf4bb2fd854','b8ee654cb2ef','',''),('54535','Dell','Latitude e5440','DDOSYZ1','2014-05-10','College','World Languages','David','Jerez Gomez','off','UH','201.45','Windows 7','ecf4bb2fe824','b8ee654cb2d1','',''),('54533','Dell','Latitude','hf0syz1','2014-05-10','College','World Languages','Ruth','Burke','off','UH','201.41','Windows 7','ecf4bb2fe1f8','b8ee654cb2d0','',''),('54536','Dell','Latitude e5440','jc0syz1','2014-05-10','College','World Languages','Dany','Doueiri','off','UH','201.32','Windows 7','ecf4bb2fd5d6','b8ee654cb44a','',''),('54531','Dell','Latitude e5440','5j1syz1','2014-05-10','College','World Languages','Carmen','Jany','off','UH','201.36','Windows 7','ecf4bb2fe82c','b8ee654cb451','',''),('54538','Dell','Latitude e5440','49ZRYZ1','2014-05-10','College','World Languages','Arturo','Fernandez Gilbert','off','UH','201.42','Windows 7','ecf4bb2fe062','b8ee654c5a44','',''),('54532','Dell','Latitude','7D0SYZ1','2014-05-10','College','World Languages','M. Antonieta','Gallegos-Ruiz','off','UH','201.44','Windows 7','ecf4bb2fe202','b8ee654cb453','',''),('54606','Apple','MacBook Pro','CO2M7626FD57','2014-05-30','College','World Languages','Terri','Nelson','off','UH','201.38','OSX','','600308950bc0','',''),('99999','Apple','AppleCare','66QZR32068MFWVK','2014-05-31','College','World Languages','Terri','Nelson','off','UH','201.38','','','','','Accompanies MacBook Pro with serial CO2M7626FD57'),('54615','Apple','MacBook Pro','C1MMQXPYDTY3','2014-05-22','Music','Music','Stuart','Green','off','PA','CH102A','OSX','0c4de9a251d7','3c15c2eee63c','','');
/*!40000 ALTER TABLE `old_inventory` ENABLE KEYS */;
UNLOCK TABLES;

--
-- Table structure for table `purchase`
--

DROP TABLE IF EXISTS `purchase`;
/*!40101 SET @saved_cs_client     = @@character_set_client */;
/*!40101 SET character_set_client = utf8 */;
CREATE TABLE `purchase` (
  `purchase_id` int(11) NOT NULL AUTO_INCREMENT,
  `purchase_order` varchar(45) DEFAULT NULL,
  `purchase_date` date NOT NULL,
  `purchased_by` varchar(45) NOT NULL,
  PRIMARY KEY (`purchase_id`)
) ENGINE=InnoDB AUTO_INCREMENT=283 DEFAULT CHARSET=latin1;
/*!40101 SET character_set_client = @saved_cs_client */;

--
-- Dumping data for table `purchase`
--

LOCK TABLES `purchase` WRITE;
/*!40000 ALTER TABLE `purchase` DISABLE KEYS */;
INSERT INTO `purchase` VALUES (1,NULL,'1980-01-01','Music'),(2,NULL,'1985-01-01','College'),(3,NULL,'1988-01-01','College'),(4,NULL,'1990-01-01','Communication'),(5,NULL,'1990-01-01','Music'),(6,NULL,'1990-01-01','Visual Arts'),(7,NULL,'1997-01-01','College'),(8,NULL,'1997-01-01','Visual Arts'),(9,NULL,'1998-01-01','College'),(10,NULL,'1998-01-01','Performing Arts'),(11,NULL,'1998-08-01','College'),(12,NULL,'1999-01-01','College'),(13,NULL,'2000-01-01','College'),(14,NULL,'2000-01-01','English'),(15,NULL,'2000-01-01','Liberal Studies'),(16,NULL,'2000-01-01','Music'),(17,NULL,'2000-01-01','Performing Arts'),(18,NULL,'2000-01-01','Philosophy'),(19,NULL,'2000-01-01','Visual Arts'),(20,NULL,'2000-07-14','College'),(21,NULL,'2001-01-01','College'),(22,NULL,'2001-01-15','College'),(23,NULL,'2002-01-01','College'),(24,NULL,'2002-01-01','Communication'),(25,NULL,'2002-01-01','English'),(26,NULL,'2002-01-01','Music'),(27,NULL,'2002-01-01','Performing Arts'),(28,NULL,'2002-01-01','Visual Arts'),(29,NULL,'2003-01-01','College'),(30,NULL,'2003-01-01','Music'),(31,NULL,'2004-01-01','College'),(32,NULL,'2004-01-01','Communication'),(33,NULL,'2004-01-01','Music'),(34,NULL,'2004-01-01','Visual Arts'),(35,NULL,'2005-01-01','College'),(36,NULL,'2005-01-01','Liberal Studies'),(37,NULL,'2005-01-01','Music'),(38,NULL,'2005-01-01','Visual Arts'),(39,NULL,'2006-01-01','College'),(40,NULL,'2006-01-01','Communication'),(41,NULL,'2006-01-01','English'),(42,NULL,'2006-01-01','Music'),(43,NULL,'2006-01-01','Performing Arts'),(44,NULL,'2006-01-01','Philosophy'),(45,NULL,'2006-01-01','RAFFMA'),(46,NULL,'2006-01-01','Visual Arts'),(47,NULL,'2006-06-18','Philosophy'),(48,NULL,'2006-09-04','College'),(49,NULL,'2007-01-01','College'),(50,NULL,'2007-01-01','Communication'),(51,NULL,'2007-01-01','English'),(52,NULL,'2007-01-01','Music'),(53,NULL,'2007-01-01','Performing Arts'),(54,NULL,'2007-01-01','Philosophy'),(55,NULL,'2007-01-01','RAFFMA'),(56,NULL,'2007-01-01','World Languages'),(57,NULL,'2007-06-26','World Languages'),(58,NULL,'2007-06-30','College'),(59,NULL,'2007-07-14','College'),(60,NULL,'2007-09-03','College'),(61,NULL,'2007-09-27','College'),(62,NULL,'2008-01-01','College'),(63,NULL,'2008-01-01','Communication'),(64,NULL,'2008-01-01','English'),(65,NULL,'2008-01-01','Performing Arts'),(66,NULL,'2008-01-01','Visual Arts'),(67,NULL,'2008-05-01','College'),(68,NULL,'2008-06-01','Communication'),(69,NULL,'2008-06-01','Music'),(70,NULL,'2008-06-01','RAFFMA'),(71,NULL,'2008-06-30','College'),(72,NULL,'2008-08-06','College'),(73,NULL,'2008-09-01','Communication'),(74,NULL,'2008-09-01','Music'),(75,NULL,'2009-01-01','College'),(76,NULL,'2009-01-29','English'),(77,NULL,'2009-04-17','College'),(78,NULL,'2009-06-01','College'),(79,NULL,'2009-06-10','English'),(80,NULL,'2010-02-05','Performing Arts'),(81,NULL,'2010-02-11','Music'),(82,NULL,'2010-02-15','College'),(83,NULL,'2010-03-18','College'),(84,NULL,'2010-05-03','Performing Arts'),(85,NULL,'2010-05-06','College'),(86,NULL,'2010-05-26','English'),(87,NULL,'2010-06-07','Music'),(88,NULL,'2010-06-11','RAFFMA'),(89,NULL,'2010-09-07','Music'),(90,NULL,'2010-09-23','College'),(91,NULL,'2010-11-01','World Languages'),(92,NULL,'2010-12-01','World Languages'),(93,NULL,'2011-01-27','College'),(94,NULL,'2011-04-27','RAFFMA'),(95,NULL,'2011-05-04','RAFFMA'),(96,NULL,'2011-05-22','RAFFMA'),(97,NULL,'2011-06-01','Visual Arts'),(98,NULL,'2011-06-17','Liberal Studies'),(99,NULL,'2011-06-22','RAFFMA'),(100,NULL,'2011-07-11','World Languages'),(101,NULL,'2011-07-30','Philosophy'),(102,NULL,'2011-08-01','College'),(103,NULL,'2011-08-08','Communication'),(104,NULL,'2011-08-08','Philosophy'),(105,NULL,'2011-08-08','World Languages'),(106,NULL,'2011-09-01','College'),(107,NULL,'2011-09-01','English'),(108,NULL,'2011-09-05','World Languages'),(109,NULL,'2011-09-14','Communication'),(110,NULL,'2011-09-15','Music'),(111,NULL,'2011-09-16','Communication'),(112,NULL,'2011-09-19','Communication'),(113,NULL,'2011-09-20','Philosophy'),(114,NULL,'2011-09-20','Visual Arts'),(115,NULL,'2011-09-22','Music'),(116,NULL,'2011-10-18','College'),(117,NULL,'2011-10-21','College'),(118,NULL,'2011-10-24','College'),(119,NULL,'2011-11-01','College'),(120,NULL,'2012-02-14','English'),(121,NULL,'2012-02-20','College'),(122,NULL,'2012-02-21','College'),(123,NULL,'2012-03-16','English'),(124,NULL,'2012-04-16','College'),(125,NULL,'2012-04-16','Visual Arts'),(126,NULL,'2012-04-19','Performing Arts'),(127,NULL,'2012-05-01','College'),(128,NULL,'2012-06-05','College'),(129,NULL,'2012-06-09','College'),(130,NULL,'2012-06-09','Philosophy'),(131,NULL,'2012-06-16','College'),(132,NULL,'2012-06-26','College'),(133,NULL,'2012-07-28','College'),(134,NULL,'2012-08-01','College'),(135,NULL,'2012-08-21','College'),(136,NULL,'2012-12-04','Visual Arts'),(137,NULL,'2013-01-08','College'),(138,NULL,'2013-03-26','Music'),(139,NULL,'2013-05-31','College'),(140,NULL,'2013-06-01','College'),(141,NULL,'2013-06-07','RAFFMA'),(142,NULL,'2013-06-12','College'),(143,NULL,'2013-06-13','College'),(144,NULL,'2013-07-04','College'),(145,NULL,'2013-07-29','College'),(146,NULL,'2013-08-01','College'),(147,NULL,'2013-08-04','College'),(148,NULL,'2013-09-01','College'),(149,NULL,'2013-09-02','College'),(150,NULL,'2013-09-16','College'),(151,NULL,'2014-01-16','Communication'),(152,NULL,'2014-02-05','Music'),(153,NULL,'2014-04-10','Communication'),(154,NULL,'2014-04-26','College'),(155,NULL,'2014-04-30','College'),(156,NULL,'2014-05-02','College'),(157,NULL,'2014-05-02','Music'),(158,NULL,'2014-05-05','College'),(159,NULL,'2014-05-10','College'),(160,NULL,'2014-05-13','College'),(161,NULL,'2014-05-22','Music'),(162,NULL,'2014-05-30','College'),(163,NULL,'2014-05-31','College'),(256,NULL,'2008-01-01','College'),(257,NULL,'2014-06-16','Music'),(259,NULL,'2014-05-22','Music'),(260,NULL,'2014-05-02','College'),(261,NULL,'2014-04-26','College'),(262,NULL,'2014-05-13','College'),(263,NULL,'2014-05-30','College'),(274,NULL,'2012-06-09','College'),(275,NULL,'2014-05-22','Music'),(277,NULL,'2014-05-03','Music'),(278,NULL,'2012-06-09','College'),(279,'test','2012-06-09','College'),(280,'test2','2012-06-09','World Languages'),(281,NULL,'2012-06-09','College'),(282,NULL,'2014-06-19','College');
/*!40000 ALTER TABLE `purchase` ENABLE KEYS */;
UNLOCK TABLES;

--
-- Table structure for table `software`
--

DROP TABLE IF EXISTS `software`;
/*!40101 SET @saved_cs_client     = @@character_set_client */;
/*!40101 SET character_set_client = utf8 */;
CREATE TABLE `software` (
  `software_id` int(11) NOT NULL AUTO_INCREMENT,
  `software_name` varchar(45) NOT NULL,
  `license_num` varchar(45) NOT NULL,
  `license_type` varchar(45) NOT NULL,
  `number_of_licenses` int(3) NOT NULL,
  `notes` text,
  `purchase_id` int(11) NOT NULL,
  PRIMARY KEY (`software_id`),
  KEY `fk_software_purchase_id` (`purchase_id`),
  CONSTRAINT `fk_software_purchase_id` FOREIGN KEY (`purchase_id`) REFERENCES `purchase` (`purchase_id`) ON DELETE NO ACTION ON UPDATE NO ACTION
) ENGINE=InnoDB AUTO_INCREMENT=3 DEFAULT CHARSET=latin1;
/*!40101 SET character_set_client = @saved_cs_client */;

--
-- Dumping data for table `software`
--

LOCK TABLES `software` WRITE;
/*!40000 ALTER TABLE `software` DISABLE KEYS */;
INSERT INTO `software` VALUES (1,'test software','n{>v*6','Single Computer',1,NULL,279),(2,'test2','9QX=JO','Single User',1,NULL,279);
/*!40000 ALTER TABLE `software` ENABLE KEYS */;
UNLOCK TABLES;

--
-- Table structure for table `user`
--

DROP TABLE IF EXISTS `user`;
/*!40101 SET @saved_cs_client     = @@character_set_client */;
/*!40101 SET character_set_client = utf8 */;
CREATE TABLE `user` (
  `user_id` int(11) NOT NULL AUTO_INCREMENT,
  `f_name` varchar(45) NOT NULL,
  `l_name` varchar(45) DEFAULT NULL,
  `email` varchar(90) DEFAULT NULL,
  `phone` varchar(15) DEFAULT NULL,
  `department` varchar(45) DEFAULT NULL,
  PRIMARY KEY (`user_id`)
) ENGINE=InnoDB AUTO_INCREMENT=258 DEFAULT CHARSET=latin1;
/*!40101 SET character_set_client = @saved_cs_client */;

--
-- Dumping data for table `user`
--

LOCK TABLES `user` WRITE;
/*!40000 ALTER TABLE `user` DISABLE KEYS */;
INSERT INTO `user` VALUES (1,'Coyote Chronicle',NULL,NULL,NULL,'Communication'),(2,'Storage',NULL,NULL,NULL,'English'),(3,'Music Office',NULL,NULL,NULL,'Music'),(4,'Photo Lab',NULL,NULL,NULL,'Visual Arts'),(5,'Lab',NULL,NULL,NULL,'World Languages'),(6,'TV Studio',NULL,NULL,NULL,'Communication'),(7,'Music Library',NULL,NULL,NULL,'Music'),(8,'FLAGS Advising',NULL,NULL,NULL,'World Languages'),(9,'Sound Room',NULL,NULL,NULL,'Music'),(10,'Pacific Review',NULL,NULL,NULL,'English'),(11,'Costume Shop',NULL,NULL,NULL,'Performing Arts'),(12,'MMLC',NULL,NULL,NULL,'World Languages'),(13,'Part Time',NULL,NULL,NULL,'English'),(14,'Music Society',NULL,NULL,NULL,'Music'),(15,'EPIC',NULL,NULL,NULL,'English'),(16,'Tech Support',NULL,NULL,NULL,'College'),(17,'RAFFMA',NULL,NULL,NULL,'RAFFMA'),(18,'Instrument Room',NULL,NULL,NULL,'Music'),(19,'English Office',NULL,NULL,NULL,'English'),(20,'Organ Room',NULL,NULL,NULL,'Music'),(21,'Philosophy Office',NULL,NULL,NULL,'Philosophy'),(22,'VRC',NULL,NULL,NULL,'Visual Arts'),(23,'CAL Office',NULL,NULL,NULL,'Visual Arts'),(24,'Server Room',NULL,NULL,NULL,'College'),(25,'Smart Classroom',NULL,NULL,NULL,'Communication'),(26,'World Languages Office',NULL,NULL,NULL,'World Languages'),(27,'3D Printer',NULL,NULL,NULL,'Visual Arts'),(28,'PALS',NULL,NULL,NULL,'Liberal Studies'),(29,'Box Office',NULL,NULL,NULL,'Performing Arts'),(30,'Ece','Algan',NULL,NULL,'Communication'),(31,'Jennifer','Andersen',NULL,NULL,'English'),(32,'Suzanne','Arakawa',NULL,NULL,'English'),(33,'Fidel','Arnecillo',NULL,NULL,'Philosophy'),(34,'Mo','Bahk',NULL,NULL,'Communication'),(35,'Terry','Ballman',NULL,NULL,'College'),(36,'Joy','Barta',NULL,NULL,'English'),(37,'Marianna','Bencomo Jasso',NULL,NULL,'Liberal Studies'),(38,'Jeffrey','Boeckman',NULL,NULL,'Music'),(39,'Mary','Boland',NULL,NULL,'English'),(40,'Charmaine','Boucher',NULL,NULL,'English'),(41,'James','Brown',NULL,NULL,'English'),(42,'Annie','Buckley',NULL,NULL,'Visual Arts'),(43,'Ruth','Burke',NULL,NULL,'World Languages'),(44,'Jill','Buroker',NULL,NULL,'Philosophy'),(45,'Andrea','Callahan',NULL,NULL,'RAFFMA'),(46,'Stephanie','Cardenas',NULL,NULL,'College'),(47,'David','Carlson',NULL,NULL,'English'),(48,'Nathan','Carter',NULL,NULL,'Communication'),(49,'Dorothea','Cartwright',NULL,NULL,'English'),(50,'Andrew','Castillo',NULL,NULL,'English'),(51,'May Lee','Chai',NULL,NULL,'English'),(52,'Rong','Chen',NULL,NULL,'English'),(53,'Jane','Chin Davidson',NULL,NULL,'Visual Arts'),(54,'Myung','Choi',NULL,NULL,'World Languages'),(55,'Rueyling','Chuang',NULL,NULL,'Communication'),(56,'Kurt','Collins',NULL,NULL,'Visual Arts'),(57,'Leo','Connolly',NULL,NULL,'College'),(58,'Rafael','Correa',NULL,NULL,'World Languages'),(59,'Kimberly','Costino',NULL,NULL,'English'),(60,'Cynthia','Cotter',NULL,NULL,'English'),(61,'Andrew','Crane',NULL,NULL,'Music'),(62,'Matthew','Davidson',NULL,NULL,'Philosophy'),(63,'Jean','Delgado',NULL,NULL,'English'),(64,'Juan','Delgado',NULL,NULL,'English'),(65,'Ana','Deloera Moll',NULL,NULL,'World Languages'),(66,'Lisa','DeMarco',NULL,NULL,'Music'),(67,'Khamla','Dhouti',NULL,NULL,'World Languages'),(68,'Reyes','Diana',NULL,NULL,'Music'),(69,'Bibiana','Diaz Rodriguez',NULL,NULL,'World Languages'),(70,'Martha','DiazGranados',NULL,NULL,'College'),(71,'Risa','Dickson',NULL,NULL,'Communication'),(72,'Margaret','Doane',NULL,NULL,'English'),(73,'Dany','Doueiri',NULL,NULL,'World Languages'),(74,'Nate','Dubbs',NULL,NULL,'Visual Arts'),(75,'Karen','Eastman',NULL,NULL,'College'),(76,'Michelle','Ebert Freire ',NULL,NULL,'Performing Arts'),(77,'Catherine','Erickson',NULL,NULL,'Performing Arts'),(78,'Kathy','Ervin',NULL,NULL,'Performing Arts'),(79,'Crystal','Escalera',NULL,NULL,'Performing Arts'),(80,'Parastou','Feiz',NULL,NULL,'English'),(81,'Arturo','Fernandez Gilbert',NULL,NULL,'World Languages'),(82,'Susan','Finsen',NULL,NULL,'Philosophy'),(83,'Garry','Fish',NULL,NULL,'Music'),(84,'John','Fleeman',NULL,NULL,'RAFFMA'),(85,'Sara','Flis',NULL,NULL,'Performing Arts'),(86,'Mary','Fong',NULL,NULL,'Communication'),(87,'Stacey','Fraser',NULL,NULL,'Music'),(88,'M. Antonieta','Gallegos-Ruiz',NULL,NULL,'World Languages'),(89,'Beverly','Gallo',NULL,NULL,'Philosophy'),(90,'David','Garcia',NULL,NULL,'Philosophy'),(91,'Maria','Garcia Puente',NULL,NULL,'World Languages'),(92,'Kareen','Gervasi',NULL,NULL,'World Languages'),(93,'Ellen','Gil Gomez',NULL,NULL,'English'),(94,'Brenda','Glascott',NULL,NULL,'English'),(95,'Nancy','Glen',NULL,NULL,'Music'),(96,'Bruce','Golden',NULL,NULL,'English'),(97,'Mirta','Gonzalez',NULL,NULL,'World Languages'),(98,'Donna','Gotch',NULL,NULL,'Communication'),(99,'Jo Anna','Grant',NULL,NULL,'Communication'),(100,'Fred','Gravatt',NULL,NULL,'Communication'),(101,'Katherine','Gray',NULL,NULL,'Visual Arts'),(102,'Stuart','Green',NULL,NULL,'Music'),(103,'Bradley','Hampton',NULL,NULL,'Music'),(104,'Ken','Han',NULL,NULL,'College'),(105,'Andre','Harrington',NULL,NULL,'Performing Arts'),(106,'Joel','Harris',NULL,NULL,'English'),(107,'Brian','Heisterkamp',NULL,NULL,'Communication'),(108,'Natasha','Hemmings',NULL,NULL,'RAFFMA'),(109,'Holly','Henry',NULL,NULL,'English'),(110,'Moises','Hernandez',NULL,NULL,'World Languages'),(111,'Glen','Hirshberg',NULL,NULL,'English'),(112,'Randy','Hodges',NULL,NULL,'Music'),(113,'Heather','Hundley',NULL,NULL,'Communication'),(114,'Jeremy','Hustwit',NULL,NULL,'Philosophy'),(115,'Sunny','Hyon',NULL,NULL,'English'),(116,'Fred','Jandt',NULL,NULL,'Communication'),(117,'Carmen','Jany',NULL,NULL,'World Languages'),(118,'Richard','Jarvis',NULL,NULL,'College'),(119,'Harlan','Jeglin',NULL,NULL,'Performing Arts'),(120,'David','Jerez Gomez',NULL,NULL,'World Languages'),(121,'Erik ','Jester',NULL,NULL,'Music'),(122,'Todd','Johnson',NULL,NULL,'Music'),(123,'Richard ','Johnston',NULL,NULL,'Visual Arts'),(124,'Jennifer','Keys',NULL,NULL,'English'),(125,'Sant','Khalsa',NULL,NULL,'Visual Arts'),(126,'Parri','King',NULL,NULL,'World Languages'),(127,'Eva','Kirsch',NULL,NULL,'RAFFMA'),(128,'Robert','Knop',NULL,NULL,'Music'),(129,'David','Kreitz',NULL,NULL,'Visual Arts'),(130,'Robin','Larsen',NULL,NULL,'Communication'),(131,'Choeun','Lee',NULL,NULL,'Music'),(132,'Felicia','Lemus',NULL,NULL,'English'),(133,'Robert','Leo',NULL,NULL,'Communication'),(134,'Felipe','Leon',NULL,NULL,'Philosophy'),(135,'Jiong','Li',NULL,NULL,'Visual Arts'),(136,'Heather','Lowe',NULL,NULL,'Visual Arts'),(137,'Chad','Luck',NULL,NULL,'English'),(138,'Jessica','Luck',NULL,NULL,'English'),(139,'Lee','Lyons',NULL,NULL,'Performing Arts'),(140,'Stephanie','MacLean',NULL,NULL,'RAFFMA'),(141,'Araib','Mango',NULL,NULL,'World Languages'),(142,'David','Marshall',NULL,NULL,'English'),(143,'Liz','Martin',NULL,NULL,'World Languages'),(144,'Elizabeth','Martin',NULL,NULL,'World Languages'),(145,'Larry','McFatter',NULL,NULL,'Music'),(146,'George','McGinnis',NULL,NULL,'Visual Arts'),(147,'Thomas','McGovern',NULL,NULL,'Visual Arts'),(148,'Mary Ann','McGuire',NULL,NULL,'World Languages'),(149,'Yvette','Menacho',NULL,NULL,'Visual Arts'),(150,'Allen','Menton',NULL,NULL,'Music'),(151,'Rod','Metts',NULL,NULL,'Communication'),(152,'Kimberly','Miller',NULL,NULL,'English'),(153,'Ali','Miremadi',NULL,NULL,'World Languages'),(154,'Kevin','Moffett',NULL,NULL,'English'),(155,'Tom','Moody',NULL,NULL,'Philosophy'),(156,'Valerie','Morgan',NULL,NULL,'World Languages'),(157,'Cynthia','Moss',NULL,NULL,'College'),(158,'Ahlam','Muhtaseb',NULL,NULL,'Communication'),(159,'John','Mumma',NULL,NULL,'Philosophy'),(160,'Arash','Naraghi',NULL,NULL,'Philosophy'),(161,'Chris','Naticchia',NULL,NULL,'Philosophy'),(162,'Terri','Nelson',NULL,NULL,'World Languages'),(163,'Patrick','Nicholson',NULL,NULL,'Liberal Studies'),(164,'Ewelina','Nowakowska',NULL,NULL,'College'),(165,'Suharu','Ogawa',NULL,NULL,'Visual Arts'),(166,'Darcy','Otto',NULL,NULL,'Philosophy'),(167,'Brad','Owen',NULL,NULL,'Communication'),(168,'Julie','Paegle',NULL,NULL,'English'),(169,'Philip','Page',NULL,NULL,'English'),(170,'Paul','Pai',NULL,NULL,'World Languages'),(171,'Georgia','Pallas',NULL,NULL,'College'),(172,'Candace','Parks',NULL,NULL,'RAFFMA'),(173,'Margaret','Perry',NULL,NULL,'Performing Arts'),(174,'Alison','Petty',NULL,NULL,'Visual Arts'),(175,'Renee','Pigeon',NULL,NULL,'English'),(176,'Helen','Pilinovsky',NULL,NULL,'English'),(177,'Mihaela','Popescu',NULL,NULL,'Communication'),(178,'Kosta','Popovic',NULL,NULL,'Music'),(179,'Jerrold','Pritchard',NULL,NULL,'Liberal Studies'),(180,'Tom','Provenzano',NULL,NULL,'Performing Arts'),(181,'Tania','Quesada',NULL,NULL,'World Languages'),(182,'Erika','Quinonez',NULL,NULL,'College'),(183,'James','Radomski',NULL,NULL,'Music'),(184,'Luz Elena','Ramirez',NULL,NULL,'English'),(185,'Lou','Reich',NULL,NULL,'Philosophy'),(186,'Jackie','Rhodes',NULL,NULL,'English'),(187,'Natasha','Richardson',NULL,NULL,'Performing Arts'),(188,'Matthew','Richardson',NULL,NULL,'College'),(189,'Dan','Robinson',NULL,NULL,'Music'),(190,'Scott','Rodriguez',NULL,NULL,'Communication'),(191,'Kent','Rogers',NULL,NULL,'English'),(192,'Karen','Rowan',NULL,NULL,'English'),(193,'Tony','Roy',NULL,NULL,'Philosophy'),(194,'Christi','Rucker',NULL,NULL,'English'),(195,'Treadwell','Ruml',NULL,NULL,'English'),(196,'Deshea','Rushing',NULL,NULL,'English'),(197,'John','Russell',NULL,NULL,'College'),(198,'Michael','Salvador',NULL,NULL,'Communication'),(199,'Linda','Sand',NULL,NULL,'Communication'),(200,'Joe','Sanders',NULL,NULL,'English'),(201,'Rita','Schneider',NULL,NULL,'RAFFMA'),(202,'Peter','Schroeder',NULL,NULL,'English'),(203,'Marsha','Schuh',NULL,NULL,'English'),(204,'Astrid','Sheil',NULL,NULL,'Communication'),(205,'Rachel','Siordia',NULL,NULL,'Philosophy'),(206,'Terry','Smith',NULL,NULL,'Performing Arts'),(207,'Johanna','Smith',NULL,NULL,'Performing Arts'),(208,'Wendy','Smith',NULL,NULL,'English'),(209,'Rigo','Solorio',NULL,NULL,'College'),(210,'Brad','Spence',NULL,NULL,'Visual Arts'),(211,'Karen','Sperry',NULL,NULL,'Philosophy'),(212,'Beth','Steffel',NULL,NULL,'Visual Arts'),(213,'Chad','Sweeney',NULL,NULL,'English'),(214,'Tiffany','Talavera',NULL,NULL,'RAFFMA'),(215,'Paige','Taylor',NULL,NULL,'RAFFMA'),(216,'Katherine','Thomerson',NULL,NULL,'Liberal Studies'),(217,'Alysha','Timmons',NULL,NULL,'World Languages'),(218,'Rebecca','Tomlinson',NULL,NULL,'Music'),(219,'Alicia','Trujillo',NULL,NULL,'College'),(220,'Andy','Tufano',NULL,NULL,'Communication'),(221,'Jon','Usher',NULL,NULL,'Music'),(222,'Claudia','Velasco',NULL,NULL,'English'),(223,'Caroline','Vickers',NULL,NULL,'English'),(224,'Dan','Whitaker',NULL,NULL,'World Languages'),(225,'Jacqueline','Wilcoxen',NULL,NULL,'English'),(226,'Aurora','Wolfgang',NULL,NULL,'World Languages'),(227,'Eri','Yasuhara',NULL,NULL,'College'),(228,'Salaam','Yousif',NULL,NULL,'College'),(256,'Ana Maria','Maldonado',NULL,NULL,'Performing Arts'),(257,'Jocelyn','Chang',NULL,NULL,'Performing Arts');
/*!40000 ALTER TABLE `user` ENABLE KEYS */;
UNLOCK TABLES;

--
-- Table structure for table `uses`
--

DROP TABLE IF EXISTS `uses`;
/*!40101 SET @saved_cs_client     = @@character_set_client */;
/*!40101 SET character_set_client = utf8 */;
CREATE TABLE `uses` (
  `user_id` int(11) NOT NULL,
  `tag_num` char(5) NOT NULL,
  PRIMARY KEY (`tag_num`,`user_id`),
  KEY `fk_uses_user_id` (`user_id`),
  KEY `fk_uses_tag_num` (`tag_num`),
  CONSTRAINT `fk_uses_tag_num` FOREIGN KEY (`tag_num`) REFERENCES `equipment` (`tag_num`) ON DELETE CASCADE ON UPDATE NO ACTION,
  CONSTRAINT `fk_uses_user_id` FOREIGN KEY (`user_id`) REFERENCES `user` (`user_id`) ON DELETE CASCADE ON UPDATE NO ACTION
) ENGINE=InnoDB DEFAULT CHARSET=latin1;
/*!40101 SET character_set_client = @saved_cs_client */;

--
-- Dumping data for table `uses`
--

LOCK TABLES `uses` WRITE;
/*!40000 ALTER TABLE `uses` DISABLE KEYS */;
INSERT INTO `uses` VALUES (1,'38392'),(1,'39158'),(1,'40787'),(1,'40788'),(1,'40813'),(1,'40814'),(1,'40815'),(1,'40816'),(1,'40817'),(1,'42129'),(1,'46101'),(1,'47547'),(1,'47548'),(1,'51397'),(2,'24751'),(2,'45707'),(3,'46390'),(4,'32035'),(5,'18460'),(5,'23792'),(5,'24124'),(5,'24126'),(5,'25916'),(5,'25917'),(5,'27415'),(5,'28841'),(5,'28842'),(5,'28843'),(5,'28844'),(5,'28846'),(5,'28847'),(5,'28848'),(5,'28849'),(5,'28850'),(5,'29049'),(5,'30629'),(5,'32036'),(5,'33337'),(5,'33471'),(5,'34343'),(5,'34530'),(5,'34874'),(5,'34930'),(5,'37866'),(5,'38306'),(5,'38311'),(5,'38316'),(5,'38317'),(5,'38318'),(5,'38373'),(5,'38376'),(5,'38391'),(5,'38485'),(5,'39001'),(5,'39002'),(5,'39003'),(5,'39005'),(5,'39008'),(5,'39009'),(5,'39010'),(5,'39011'),(5,'39012'),(5,'39014'),(5,'39015'),(5,'39017'),(5,'39018'),(5,'39023'),(5,'39027'),(5,'39032'),(5,'39036'),(5,'39037'),(5,'39038'),(5,'39040'),(5,'39041'),(5,'39043'),(5,'39044'),(5,'39047'),(5,'39048'),(5,'40254'),(5,'40558'),(5,'41220'),(5,'41284'),(5,'43076'),(5,'43077'),(5,'43078'),(5,'43079'),(5,'43080'),(5,'43261'),(5,'43262'),(5,'43263'),(5,'43264'),(5,'43265'),(5,'43266'),(5,'43267'),(5,'43268'),(5,'43269'),(5,'43270'),(5,'43271'),(5,'43272'),(5,'43273'),(5,'43274'),(5,'43275'),(5,'43276'),(5,'43277'),(5,'43278'),(5,'43279'),(5,'43280'),(5,'43281'),(5,'43409'),(5,'44127'),(5,'44579'),(5,'44580'),(5,'44607'),(5,'44608'),(5,'44609'),(5,'44610'),(5,'44611'),(5,'44612'),(5,'44613'),(5,'44614'),(5,'44615'),(5,'44616'),(5,'44617'),(5,'44618'),(5,'44713'),(5,'44714'),(5,'44715'),(5,'44716'),(5,'44717'),(5,'44718'),(5,'44719'),(5,'44720'),(5,'44721'),(5,'44722'),(5,'44723'),(5,'44724'),(5,'44737'),(5,'44738'),(5,'44739'),(5,'44740'),(5,'44741'),(5,'44742'),(5,'44743'),(5,'44744'),(5,'44745'),(5,'44746'),(5,'44747'),(5,'44748'),(5,'45528'),(5,'45558'),(5,'45600'),(5,'45604'),(5,'45657'),(5,'45685'),(5,'45709'),(5,'45710'),(5,'45711'),(5,'45712'),(5,'45713'),(5,'45714'),(5,'45715'),(5,'45716'),(5,'45751'),(5,'45901'),(5,'45902'),(5,'45903'),(5,'45904'),(5,'45905'),(5,'45906'),(5,'45907'),(5,'45908'),(5,'45909'),(5,'45910'),(5,'45911'),(5,'45912'),(5,'45913'),(5,'45961'),(5,'45962'),(5,'45963'),(5,'45964'),(5,'45965'),(5,'45966'),(5,'45969'),(5,'45970'),(5,'45971'),(5,'46177'),(5,'46178'),(5,'46393'),(5,'46394'),(5,'46395'),(5,'46396'),(5,'46397'),(5,'46398'),(5,'46399'),(5,'46400'),(5,'46441'),(5,'46442'),(5,'46443'),(5,'46444'),(5,'46445'),(5,'46446'),(5,'46447'),(5,'46448'),(5,'46449'),(5,'46450'),(5,'46451'),(5,'46453'),(5,'46454'),(5,'46455'),(5,'46489'),(5,'46490'),(5,'49607'),(5,'49608'),(5,'52057'),(5,'52058'),(5,'52059'),(5,'52060'),(5,'52061'),(5,'52062'),(5,'52882'),(5,'52883'),(5,'52884'),(5,'52885'),(5,'52886'),(5,'52887'),(5,'52888'),(5,'52889'),(5,'52890'),(5,'52891'),(5,'52892'),(5,'52893'),(5,'52894'),(5,'52895'),(5,'52896'),(5,'52897'),(5,'52898'),(5,'52899'),(5,'52900'),(5,'52901'),(5,'52902'),(5,'53232'),(5,'53234'),(5,'53425'),(5,'53426'),(5,'53427'),(5,'53428'),(5,'53429'),(5,'53430'),(5,'53431'),(5,'54609'),(6,'21062'),(6,'22616'),(6,'22619'),(6,'33135'),(6,'43787'),(6,'43788'),(6,'44016'),(7,'44124'),(8,'38340'),(8,'38399'),(8,'51963'),(9,'17496'),(9,'20149'),(9,'21166'),(9,'21602'),(9,'22289'),(9,'22486'),(9,'25391'),(9,'33191'),(9,'33469'),(9,'33470'),(9,'36406'),(9,'44125'),(9,'45717'),(9,'46402'),(9,'47372'),(10,'39159'),(11,'11588'),(11,'15074'),(11,'20037'),(11,'33124'),(11,'35833'),(11,'45753'),(11,'45754'),(12,'46094'),(13,'36405'),(13,'36413'),(13,'38307'),(13,'38308'),(13,'38315'),(13,'38325'),(13,'38328'),(13,'38329'),(13,'38331'),(13,'38332'),(13,'38334'),(13,'38342'),(13,'38344'),(13,'38351'),(13,'38357'),(13,'38367'),(13,'38371'),(13,'38374'),(13,'38375'),(13,'38389'),(13,'38394'),(13,'38395'),(13,'39164'),(13,'39165'),(13,'42520'),(13,'43352'),(13,'46081'),(13,'46084'),(13,'46085'),(14,'35945'),(15,'51964'),(16,'34201'),(16,'34222'),(16,'34906'),(16,'35056'),(16,'35899'),(16,'35960'),(16,'36399'),(16,'36400'),(16,'36402'),(16,'38319'),(16,'38326'),(16,'38327'),(16,'38372'),(16,'39004'),(16,'39141'),(16,'39143'),(16,'39157'),(16,'39163'),(16,'39169'),(16,'39620'),(16,'39621'),(16,'39719'),(16,'39834'),(16,'40158'),(16,'40273'),(16,'40357'),(16,'40497'),(16,'40757'),(16,'46366'),(16,'46408'),(16,'46409'),(17,'42294'),(17,'42295'),(18,'10919'),(18,'10946'),(18,'10947'),(18,'11560'),(18,'11587'),(18,'11817'),(18,'11818'),(18,'11819'),(18,'13387'),(18,'13388'),(18,'13389'),(18,'13991'),(18,'14158'),(18,'14320'),(18,'14699'),(18,'15086'),(18,'16170'),(18,'16171'),(18,'17551'),(18,'18470'),(18,'19704'),(18,'20046'),(18,'20343'),(18,'21041'),(18,'21459'),(18,'21573'),(18,'21574'),(18,'25742'),(18,'28063'),(18,'3090'),(18,'33329'),(18,'33525'),(18,'33603'),(18,'36157'),(18,'37637'),(18,'41191'),(18,'46423'),(18,'46424'),(18,'46482'),(19,'52908'),(19,'52909'),(19,'52910'),(19,'52911'),(19,'52912'),(19,'52913'),(19,'52914'),(19,'52915'),(19,'52916'),(19,'52917'),(19,'52918'),(19,'52919'),(19,'52920'),(19,'52921'),(19,'52922'),(19,'52923'),(19,'52924'),(19,'52925'),(19,'52926'),(19,'52927'),(19,'52928'),(19,'52929'),(19,'52930'),(19,'52931'),(19,'52932'),(19,'52933'),(20,'13115'),(20,'25570'),(20,'25738'),(20,'33912'),(20,'33961'),(20,'34849'),(20,'35724'),(20,'36013'),(20,'37635'),(20,'37636'),(20,'37946'),(20,'40626'),(20,'40627'),(20,'47373'),(21,'53240'),(22,'14655'),(22,'18764'),(22,'29116'),(22,'29126'),(22,'29127'),(22,'30480'),(22,'30529'),(22,'30989'),(22,'33551'),(22,'34779'),(22,'34828'),(22,'35115'),(22,'35116'),(22,'37492'),(22,'40598'),(22,'40606'),(22,'40780'),(22,'41351'),(22,'41352'),(22,'44128'),(22,'44129'),(22,'44131'),(22,'44134'),(22,'44135'),(22,'44166'),(22,'44810'),(22,'46411'),(22,'46413'),(22,'46414'),(22,'46415'),(22,'46416'),(22,'47423'),(22,'48782'),(22,'49603'),(23,'35601'),(23,'35659'),(23,'36009'),(23,'36136'),(23,'36143'),(23,'36392'),(23,'36963'),(23,'37034'),(23,'38346'),(23,'38347'),(23,'38349'),(23,'38356'),(23,'39619'),(23,'40163'),(23,'40274'),(23,'40840'),(23,'41041'),(23,'41123'),(23,'41124'),(23,'42679'),(23,'42696'),(23,'44169'),(23,'44178'),(23,'44292'),(23,'44809'),(23,'45531'),(23,'45693'),(23,'45705'),(23,'46017'),(23,'46080'),(23,'46375'),(23,'52031'),(23,'52066'),(23,'52067'),(23,'52626'),(23,'53238'),(24,'34731'),(24,'34732'),(24,'34868'),(24,'35063'),(24,'36418'),(24,'40391'),(24,'40392'),(24,'40393'),(24,'40394'),(24,'40395'),(24,'40396'),(24,'41034'),(24,'41144'),(24,'44931'),(24,'45028'),(24,'45553'),(24,'45554'),(24,'45555'),(24,'45556'),(24,'45557'),(24,'46407'),(25,'46179'),(26,'45967'),(27,'51959'),(28,'35431'),(28,'38313'),(28,'40762'),(28,'40842'),(28,'41118'),(28,'51961'),(28,'51962'),(29,'38341'),(29,'44172'),(29,'44209'),(29,'45148'),(30,'45814'),(30,'51420'),(31,'45718'),(31,'48983'),(31,'52045'),(32,'38350'),(33,'38358'),(34,'36745'),(34,'47773'),(35,'53381'),(35,'53382'),(35,'53383'),(36,'38370'),(37,'42528'),(38,'45805'),(39,'38402'),(40,'46405'),(41,'40759'),(41,'53237'),(42,'51395'),(42,'51430'),(43,'40681'),(43,'45812'),(43,'54533'),(44,'38668'),(44,'44401'),(44,'46412'),(44,'53380'),(45,'43407'),(46,'52625'),(46,'53377'),(47,'31047'),(47,'38330'),(48,'43349'),(49,'43829'),(49,'44758'),(49,'45813'),(49,'54519'),(50,'44892'),(50,'48984'),(51,'53432'),(52,'42628'),(52,'48961'),(52,'51396'),(53,'52938'),(54,'42890'),(55,'44343'),(55,'51423'),(56,'49604'),(57,'44620'),(58,'46093'),(58,'50331'),(58,'54534'),(59,'46406'),(59,'46649'),(60,'42894'),(60,'53235'),(61,'42893'),(61,'47702'),(62,'46321'),(62,'51429'),(62,'53376'),(63,'43284'),(64,'46091'),(64,'53236'),(65,'46079'),(66,'40756'),(66,'52879'),(67,'42428'),(68,'52056'),(69,'53540'),(70,'44888'),(70,'48973'),(70,'52628'),(71,'38309'),(72,'36166'),(72,'40755'),(73,'54536'),(74,'52907'),(75,'52905'),(76,'39167'),(77,'38393'),(78,'49602'),(79,'52880'),(80,'46372'),(80,'52940'),(81,'45808'),(81,'54538'),(82,'45708'),(82,'46403'),(82,'51424'),(83,'52906'),(84,'45269'),(84,'48964'),(85,'38310'),(86,'46389'),(86,'52939'),(87,'46188'),(87,'47394'),(88,'43351'),(88,'54532'),(89,'41057'),(89,'51287'),(90,'38398'),(91,'53541'),(92,'44890'),(92,'54537'),(93,'46404'),(94,'46485'),(94,'49606'),(94,'51786'),(95,'39145'),(96,'46650'),(97,'45603'),(98,'43283'),(98,'53379'),(99,'46387'),(100,'45810'),(101,'46359'),(102,'54615'),(103,'52433'),(104,'52032'),(104,'52064'),(105,'44884'),(105,'44885'),(105,'51405'),(106,'38390'),(107,'43347'),(107,'50806'),(108,'53378'),(109,'39833'),(109,'40358'),(109,'51402'),(110,'24347'),(110,'34702'),(110,'34705'),(110,'45809'),(110,'45972'),(111,'46384'),(112,'49515'),(113,'39721'),(113,'53230'),(114,'39161'),(115,'41070'),(116,'37434'),(117,'46370'),(117,'54531'),(118,'46383'),(119,'38305'),(119,'41088'),(119,'52050'),(119,'52065'),(120,'44889'),(120,'54535'),(121,'41944'),(121,'41952'),(121,'51426'),(121,'51427'),(122,'45694'),(122,'48963'),(123,'48980'),(124,'38348'),(125,'46090'),(125,'51394'),(125,'52048'),(126,'42895'),(127,'50589'),(127,'50630'),(128,'40948'),(128,'52068'),(129,'46392'),(130,'44344'),(131,'51403'),(132,'53439'),(133,'38324'),(134,'38666'),(135,'46357'),(136,'32034'),(136,'52049'),(137,'47546'),(137,'54520'),(138,'47545'),(138,'54518'),(139,'33964'),(139,'42527'),(139,'46401'),(140,'49605'),(141,'51349'),(142,'46369'),(142,'53241'),(143,'46360'),(144,'54611'),(145,'43345'),(146,'51404'),(147,'52046'),(148,'46083'),(149,'43348'),(149,'50833'),(149,'52876'),(150,'48971'),(151,'38665'),(151,'54293'),(152,'38353'),(153,'51348'),(154,'46380'),(155,'39266'),(155,'51421'),(156,'46082'),(157,'40765'),(157,'50170'),(158,'38323'),(158,'46391'),(158,'51400'),(159,'42039'),(159,'53375'),(160,'44887'),(161,'45686'),(161,'45706'),(161,'46410'),(161,'52053'),(161,'53373'),(162,'48949'),(162,'54606'),(163,'52878'),(163,'52935'),(163,'52937'),(164,'45720'),(164,'46386'),(165,'44160'),(166,'40803'),(166,'40805'),(167,'51398'),(168,'44882'),(168,'51401'),(169,'39166'),(170,'46086'),(171,'48981'),(172,'43408'),(172,'50631'),(173,'40761'),(174,'50277'),(175,'40758'),(175,'52431'),(176,'42891'),(177,'44881'),(177,'46088'),(177,'50804'),(177,'54085'),(178,'50801'),(179,'45538'),(180,'38333'),(181,'52881'),(182,'43350'),(182,'48982'),(183,'13093'),(183,'14321'),(183,'44171'),(183,'52055'),(184,'34009'),(184,'38312'),(184,'53297'),(185,'38354'),(186,'46388'),(186,'47515'),(187,'40845'),(188,'44891'),(189,'28495'),(189,'33463'),(189,'33597'),(189,'34843'),(189,'35933'),(189,'35934'),(189,'35937'),(189,'35959'),(189,'38321'),(189,'38322'),(189,'40841'),(189,'44334'),(190,'43346'),(191,'38369'),(192,'46092'),(193,'46057'),(193,'51422'),(193,'53374'),(194,'38359'),(195,'40844'),(195,'53239'),(196,'53231'),(197,'53438'),(198,'52047'),(199,'39144'),(199,'52877'),(199,'53233'),(200,'46371'),(201,'50592'),(202,'42508'),(203,'38345'),(204,'46385'),(204,'51428'),(205,'40160'),(205,'40161'),(205,'45562'),(205,'48979'),(205,'52240'),(206,'44542'),(206,'49601'),(207,'45815'),(207,'45816'),(207,'49749'),(207,'49948'),(208,'40839'),(208,'62033'),(209,'51406'),(210,'44578'),(210,'50276'),(211,'38320'),(212,'46367'),(213,'52069'),(214,'40760'),(215,'52426'),(216,'38396'),(216,'50827'),(216,'52934'),(216,'52936'),(217,'51425'),(217,'52051'),(217,'52429'),(218,'39146'),(219,'42892'),(220,'38360'),(221,'39160'),(221,'52432'),(222,'38352'),(223,'40159'),(223,'46089'),(223,'54608'),(224,'39515'),(225,'38343'),(226,'42429'),(226,'54612'),(227,'44749'),(227,'51399'),(228,'45643'),(228,'46064'),(228,'46373'),(228,'48972'),(228,'52627'),(256,'52432'),(257,'52433');
/*!40000 ALTER TABLE `uses` ENABLE KEYS */;
UNLOCK TABLES;
/*!40103 SET TIME_ZONE=@OLD_TIME_ZONE */;

/*!40101 SET SQL_MODE=@OLD_SQL_MODE */;
/*!40014 SET FOREIGN_KEY_CHECKS=@OLD_FOREIGN_KEY_CHECKS */;
/*!40014 SET UNIQUE_CHECKS=@OLD_UNIQUE_CHECKS */;
/*!40101 SET CHARACTER_SET_CLIENT=@OLD_CHARACTER_SET_CLIENT */;
/*!40101 SET CHARACTER_SET_RESULTS=@OLD_CHARACTER_SET_RESULTS */;
/*!40101 SET COLLATION_CONNECTION=@OLD_COLLATION_CONNECTION */;
/*!40111 SET SQL_NOTES=@OLD_SQL_NOTES */;

-- Dump completed on 2014-06-19 10:39:28
